<?xml version="1.0" encoding="UTF-8"?>
<article desc="Informe ejemplares filtrado">
    Este es un informe personalizado de ejemplares que nos permitirá ver los datos de los ejemplares filtrados por nombre de número, nombre de colección
    o por un rango de fecha. Podemos mezclar todos estos filtros mencionados anteriormente para sacar datos más concluentes.<br />
    Al iniciar el informe nos saldrá la siguiente ventana, donde introduciremos los datos. Ninguno de los campos es obligatorío por lo que podremos filtrar por
    un solo campo o por ninguno.<br />
    <box><b>NOTAS: </b></box><br />
    <ul>
        <li>
            En caso de introducir el filtro de fecha tenemos que introducir ambos campos para realizar el filtro de búsqueda.
        </li>
        <li>
            A la hora de buscar la fecha de inicio no puede ser mayor que la fecha de fin
        </li>
        <li>
            La fecha de fin no puede ser superior a la fecha del sistema
        </li>
        <li>
            Si ambos campos están vacios se buscará desde el inicio de los registros hasta el día actual (Todos los datos)
        </li>
        <li>
            Será válido que la fecha de inicio y de fin sean la misma fecha para buscar los registros del día actual.
        </li>
    </ul>
    La apariencia de la pantalla de filtrado es la siguiente: <br />
    <img id="inf_ejemplar_nom_filtrado" width="20%"/>
    La apariencia del informe es la siguiente: <br />
    <img id="inf_ejemplar_nom" width="20%"/>
</article>