<?xml version="1.0" encoding="UTF-8"?>
<helpContent keepOrder="true"> 
    <chapters>
        <chapter name="Configuracion"> 
            <article name="Configuracion"/>
        </chapter>
        <chapter name="Menu Principal"> 
            <article name="Menu Principal"/>
            <article name="Pagina Principal"/>
        </chapter>
        <chapter name="Colecciones">
            <article name="Colecciones"/>
            <article name="Informacion Coleccion"/>
            <article name="Alta/Modificacion Coleccion"/>
        </chapter>
        <chapter name="Numeros">
            <article name="Numeros"/>
            <article name="Info Numeros"/>
            <article name="Alta/Modificacion Numeros"/>
            <article name="Ejemplares"/>
            <article name="Operaciones Ejemplares"/>
        </chapter>
        <chapter name="Informes">
            <article name="Informes"/>
            <article name="Informe Colecciones"/>
            <article name="Informe Colecciones por nombre"/>
            <article name="Informe numeros"/>
            <article name="Informe numeros por nombre"/>
            <article name="Informe ejemplares"/>
            <article name="Informe ejemplares filtrado"/>
        </chapter>
    </chapters> 
</helpContent>