<?xml version="1.0" encoding="UTF-8"?>
<article desc="Alta/Modificacion Numeros">
    Desde esta ventana podremos dar de alta nuevos números así como modificar los números actuales.<br/>
    <title title="Alta Numero"/><br />
    Para dar de alta un número tendremos que hacerlo desde la ventana <ref id="Informacion Coleccion" desc="Información Colección"/> en la colección correspondiente.<br />
    La ventana para dar de alta el número tendrá el siguiente aspecto: <br />
    <img id="alta_num" width="20%"/><br />
    El único campo no obligatorio será la imagen, y en caso de añadir una imagen que no deseemos y quererla eliminar, simplemente tendremos que pulsar
    sobre el botón eliminar de la imagen. De esta forma se restablecerá la imagen por defecto.
    <img id="elm_img_num" width="20%"/><br />
    El resto de restricciones son las siguientes:
    <ul>
        <li>
            El campo nombre será de tipo alfanúmerico hasta un máximo de 300 caracteres
        </li>
        <li>
            El campo número será de tipo entero
        </li>
        <li>
            El campo ISBN será de tipo númerico de 10 o 13 carácteres (Formato del ISBN o ISBN 10 pero sin guiones)
        </li>
        <li>
            Podremos escoger la tapa entre dura o blanda
        </li>
        <li>
            El argumento será de tipo alfarnúmerico
        </li>
    </ul>
    <title title="Modificacion numero"/><br />
    A la hora de modificar un número, se cumplirán las mismas restricciones que al darlo de alta exceptuando el ISBN que será un campo bloqueado.
    <img id="mod_num" width="20%"/>
</article> 