<?xml version="1.0" encoding="UTF-8"?>
<article desc="Colecciones"> 
   Esta página nos mostrará la lista de colecciones que tenemos en la base de datos.<br/>
   <img id="lista_colec" width="20%"/>
   <br />
   Desde la página de colecciones podremos realizar 4 operaciones:
   <ul>
      <li>
         Ver el listado de colecciones
      </li>
      <li>
         <ref id="Informacion Coleccion" desc="Ver la información de una colección"/>
      </li>
      <li>
         <ref id="Alta/Modificacion Coleccion" desc="Dar de alta una colección"/>
      </li>
      <li>
         Buscar una colección
      </li>
   </ul>

   <title title="Busqueda de colecciones"/>

   Para buscar una colección simplemente tendremos que escribir en la barra de búsqueda superior el título de la colección que deseamos búscar:<br />
   <img id="busca_colec" width="20%"/><br />
   En caso de querer restablecer la búsqueda simplemente tendremos que dejar el campo en blanco y pulsar en buscar o en la 
   tecla INTRO.
</article>