<?xml version="1.0" encoding="UTF-8"?>
<database>
  <article name="alta/modificacion numeros" url="articles/article_alta_mod_numeros.html" >
    <title name="Alta Numero" id="alta_numero"/>
    <title name="Modificacion numero" id="modificacion_numero"/>
  </article>
  <article name="colecciones" url="articles/article_colecciones.html" >
    <title name="Busqueda de colecciones" id="busqueda_de_colecciones"/>
  </article>
  <article name="informe numeros" url="articles/article_informe_numeros.html" >
  </article>
  <article name="info numeros" url="articles/article_info_numero.html" >
    <title name="Eliminar el numero" id="eliminar_el_numero"/>
    <title name="Ver los ejemplares del numero" id="ver_los_ejemplares_del_numero"/>
  </article>
  <article name="ejemplares" url="articles/article_crud_ejemplares.html" >
  </article>
  <article name="operaciones ejemplares" url="articles/article_alta_mod_ejemplares.html" >
  </article>
  <article name="informe ejemplares" url="articles/article_informe_ejemplares.html" >
  </article>
  <article name="informe ejemplares filtrado" url="articles/article_informe_ejemplares_filtrado.html" >
  </article>
  <article name="informe numeros por nombre" url="articles/article_informe_numeros_nombre.html" >
  </article>
  <article name="configuracion" url="articles/article_configuracion.html" >
    <title name="Configuracion del idioma" id="configuracion_del_idioma"/>
    <title name="Configuracion del servidor" id="configuracion_del_servidor"/>
  </article>
  <article name="informacion coleccion" url="articles/article_info_coleccion.html" >
    <title name="Eliminar la coleccion" id="eliminar_la_coleccion"/>
    <title name="Ver el listado de numeros de la coleccion" id="ver_el_listado_de_numeros_de_la_coleccion"/>
    <title name="Ver la informacion de la coleccion" id="ver_la_informacion_de_la_coleccion"/>
  </article>
  <article name="numeros" url="articles/article_numeros.html" >
    <title name="Busqueda de numeros" id="busqueda_de_numeros"/>
  </article>
  <article name="menu principal" url="articles/article_menu_principal.html" >
  </article>
  <article name="informe colecciones por nombre" url="articles/article_informe_col_name.html" >
  </article>
  <article name="informe colecciones" url="articles/article_informe_col.html" >
  </article>
  <article name="alta/modificacion coleccion" url="articles/article_alta_mod_coleccion.html" >
  </article>
  <article name="informes" url="articles/article_informes.html" >
  </article>
  <article name="pagina principal" url="articles/article_pagina_principal.html" >
  </article>
  <chapters>
    <chapter name="Configuracion" >
      <articleID id="configuracion" />
    </chapter>
    <chapter name="Menu Principal" >
      <articleID id="menu principal" />
      <articleID id="pagina principal" />
    </chapter>
    <chapter name="Colecciones" >
      <articleID id="colecciones" />
      <articleID id="informacion coleccion" />
      <articleID id="alta/modificacion coleccion" />
    </chapter>
    <chapter name="Numeros" >
      <articleID id="numeros" />
      <articleID id="info numeros" />
      <articleID id="alta/modificacion numeros" />
      <articleID id="ejemplares" />
      <articleID id="operaciones ejemplares" />
    </chapter>
    <chapter name="Informes" >
      <articleID id="informes" />
      <articleID id="informe colecciones" />
      <articleID id="informe colecciones por nombre" />
      <articleID id="informe numeros" />
      <articleID id="informe numeros por nombre" />
      <articleID id="informe ejemplares" />
      <articleID id="informe ejemplares filtrado" />
    </chapter>
  </chapters>
</database>
