<?xml version="1.0" encoding="UTF-8"?>
<database>
  <article name="colecciones" url="articles/article_colecciones.html" >
    <title name="BÃºsqueda de colecciones" id="bsqueda_de_colecciones"/>
  </article>
  <article name="menu principal" url="articles/article_menu_principal.html" >
  </article>
  <article name="pagina principal" url="articles/article_pagina_principal.html" >
  </article>
  <chapters>
    <chapter name="Menu Principal" >
      <articleID id="menu principal" />
      <articleID id="pagina principal" />
    </chapter>
    <chapter name="Colecciones" >
      <articleID id="colecciones" />
    </chapter>
  </chapters>
</database>
