<?xml version="1.0" encoding="UTF-8"?>
<database>
  <article name="colecciones" url="articles/article_colecciones.html" >
  </article>
  <article name="menu principal" url="articles/article_menu_principal.html" >
  </article>
  <article name="test" url="articles/article_test.html" >
  </article>
  <chapters>
    <chapter name="Menu Principal" >
      <chapter name="Colecciones" >
        <articleID id="colecciones" />
      </chapter>
      <chapter name="ZTest" >
        <articleID id="test" />
      </chapter>
      <articleID id="menu principal" />
    </chapter>
  </chapters>
</database>
