<?xml version="1.0" encoding="UTF-8"?>
<database>
  <article name="colecciones" url="articles/article_colecciones.html" >
    <title name="BÃºsqueda de colecciones" id="bsqueda_de_colecciones"/>
  </article>
  <article name="informacion coleccion" url="articles/article_info_coleccion.html" >
    <title name="Eliminar la colecciÃ³n" id="eliminar_la_coleccin"/>
    <title name="Ver el listado de nÃºmeros de la colecciÃ³n" id="ver_el_listado_de_nmeros_de_la_coleccin"/>
    <title name="Ver la informaciÃ³n de la colecciÃ³n" id="ver_la_informacin_de_la_coleccin"/>
  </article>
  <article name="info numeros" url="articles/article_info_numero.html" >
    <title name="Eliminar el nÃºmero" id="eliminar_el_nmero"/>
    <title name="Ver los ejemplares del nÃºmero" id="ver_los_ejemplares_del_nmero"/>
  </article>
  <article name="numeros" url="articles/article_numeros.html" >
    <title name="BÃºsqueda de nÃºmeros" id="bsqueda_de_nmeros"/>
  </article>
  <article name="menu principal" url="articles/article_menu_principal.html" >
  </article>
  <article name="alta/modificacion coleccion" url="articles/article_alta_mod_coleccion.html" >
  </article>
  <article name="pagina principal" url="articles/article_pagina_principal.html" >
  </article>
  <chapters>
    <chapter name="Menu Principal" >
      <articleID id="menu principal" />
      <articleID id="pagina principal" />
    </chapter>
    <chapter name="Colecciones" >
      <articleID id="colecciones" />
      <articleID id="informacion coleccion" />
      <articleID id="alta/modificacion coleccion" />
    </chapter>
    <chapter name="Números" >
      <articleID id="numeros" />
      <articleID id="info numeros" />
    </chapter>
  </chapters>
</database>
