{"pipeline":["trimmer","stopWordFilter","stemmer"],"ref":"id","index":{"body":{"root":{"df":0,"docs":{},"a":{"df":8,"b":{"df":0,"r":{"df":0,"docs":{},"e":{"df":1,"docs":{"pagina_principal":{"tf":1}}},"i":{"df":0,"r":{"df":1,"docs":{"pagina_principal":{"tf":1}}},"docs":{}}},"docs":{}},"c":{"df":0,"c":{"df":0,"docs":{},"e":{"df":0,"docs":{},"d":{"df":2,"docs":{"info_numeros":{"tf":1.4142135},"configuracion":{"tf":1.4142135}}}}},"docs":{},"t":{"df":0,"docs":{},"u":{"a":{"df":0,"docs":{},"l":{"df":1,"docs":{"informe_ejemplares_filtrado":{"tf":1}},"e":{"df":0,"s":{"df":0,"docs":{},".":{"df":1,"docs":{"altamodificacion_numeros":{"tf":1}}}},"docs":{}},".":{"df":3,"docs":{"operaciones_ejemplares":{"tf":1},"informe_ejemplares_filtrado":{"tf":1},"configuracion":{"tf":1}}}}},"df":0,"docs":{}}}},"ã":{"±":{"a":{"df":0,"docs":{},"d":{"df":2,"docs":{"altamodificacion_numeros":{"tf":1},"info_numeros":{"tf":1}}}},"df":0,"docs":{}},"df":0,"docs":{}},"h":{"df":0,"ã":{"df":0,"docs":{},"­":{"df":2,"docs":{"info_numeros":{"tf":1},"configuracion":{"tf":1}}}},"docs":{}},"j":{"df":0,"docs":{},"u":{"df":0,"s":{"df":0,"docs":{},"t":{"df":1,"docs":{"menu_principal":{"tf":1}}}},"docs":{}}},"l":{"df":6,"docs":{"altamodificacion_numeros":{"tf":1},"informacion_coleccion":{"tf":1},"informe_ejemplares_filtrado":{"tf":1},"informe_numeros_por_nombre":{"tf":1},"configuracion":{"tf":1},"pagina_principal":{"tf":1}},"t":{"a":{"df":6,"docs":{"altamodificacion_numeros":{"tf":2},"colecciones":{"tf":1},"informacion_coleccion":{"tf":2},"ejemplares":{"tf":1},"operaciones_ejemplares":{"tf":1},"altamodificacion_coleccion":{"tf":1}},".":{"df":1,"docs":{"operaciones_ejemplares":{"tf":1}}},"/":{"df":0,"docs":{},"m":{"df":0,"docs":{},"o":{"df":0,"docs":{},"d":{"df":0,"docs":{},"i":{"df":0,"docs":{},"f":{"df":0,"docs":{},"i":{"df":0,"c":{"a":{"df":0,"c":{"df":0,"docs":{},"i":{"df":0,"ã":{"df":0,"³":{"df":0,"docs":{},"n":{"df":1,"docs":{"ejemplares":{"tf":1}}}},"docs":{}},"docs":{}}},"docs":{}},"df":0,"docs":{}},"docs":{}}}}}}}}},"df":0,"docs":{}},"f":{"a":{"df":0,"r":{"df":0,"docs":{},"n":{"df":0,"ã":{"df":0,"docs":{},"º":{"df":0,"docs":{},"m":{"df":0,"docs":{},"e":{"df":0,"r":{"df":1,"docs":{"altamodificacion_numeros":{"tf":1}}},"docs":{}}}}},"docs":{}}},"docs":{},"n":{"df":0,"ã":{"df":0,"docs":{},"º":{"df":0,"docs":{},"m":{"df":0,"docs":{},"e":{"df":0,"r":{"df":1,"docs":{"altamodificacion_numeros":{"tf":1}}},"docs":{}}}}},"docs":{}}},"df":0,"docs":{}}},"m":{"df":0,"b":{"df":0,"docs":{},"o":{"df":0,"s":{"df":1,"docs":{"informe_ejemplares_filtrado":{"tf":1.4142135}}},"docs":{}}},"docs":{}},"n":{"df":0,"docs":{},"t":{"df":0,"docs":{},"e":{"df":0,"r":{"df":0,"docs":{},"i":{"df":0,"docs":{},"o":{"df":0,"r":{"df":1,"docs":{"informe_ejemplares_filtrado":{"tf":1}}},"docs":{}}}},"s":{"df":2,"docs":{"informe_colecciones_por_nombre":{"tf":1},"configuracion":{"tf":1}}},"docs":{}}}},"p":{"a":{"df":0,"r":{"df":0,"docs":{},"t":{"df":2,"docs":{"configuracion":{"tf":1},"informes":{"tf":1}}},"i":{"df":0,"docs":{},"e":{"df":0,"docs":{},"n":{"df":0,"docs":{},"t":{"df":7,"docs":{"informe_numeros":{"tf":1},"informe_colecciones_por_nombre":{"tf":1},"informe_ejemplares":{"tf":1},"informe_colecciones":{"tf":1},"informe_ejemplares_filtrado":{"tf":1.4142135},"informe_numeros_por_nombre":{"tf":1.4142135},"informes":{"tf":1}}}}}}},"docs":{}},"df":0,"docs":{},"l":{"df":0,"docs":{},"i":{"df":0,"c":{"a":{"df":0,"c":{"df":0,"docs":{},"i":{"df":0,"ã":{"df":0,"³":{"df":0,"docs":{},"n":{"df":4,"docs":{"menu_principal":{"tf":1},"_index_":{"tf":1},"configuracion":{"tf":1.4142135},"pagina_principal":{"tf":1}},":":{"df":1,"docs":{"menu_principal":{"tf":1}}},".":{"df":2,"docs":{"informes":{"tf":1},"pagina_principal":{"tf":1}}}}},"docs":{}},"docs":{},"o":{"df":0,"docs":{},"n":{"df":0,"docs":{},".":{"df":1,"docs":{"configuracion":{"tf":1}}}}}}},"docs":{},"t":{"df":0,"docs":{},"i":{"df":0,"docs":{},"v":{"df":0,"docs":{},"o":{"df":0,"docs":{},".":{"df":1,"docs":{"informe_colecciones":{"tf":1}}}}}}}},"df":2,"docs":{"informe_numeros":{"tf":1},"informe_ejemplares":{"tf":1}}},"docs":{}}}},"r":{"df":0,"docs":{},"g":{"df":0,"docs":{},"u":{"df":0,"docs":{},"m":{"df":0,"docs":{},"e":{"df":0,"docs":{},"n":{"df":0,"docs":{},"t":{"df":1,"docs":{"altamodificacion_numeros":{"tf":1}}}}}}}}},"s":{"p":{"df":0,"docs":{},"e":{"df":0,"c":{"df":0,"docs":{},"t":{"df":1,"docs":{"info_numeros":{"tf":1}},"o":{"df":0,"docs":{},":":{"df":1,"docs":{"altamodificacion_numeros":{"tf":1}}}}}},"docs":{}}},"df":0,"c":{"df":0,"docs":{},"e":{"df":0,"docs":{},"n":{"df":0,"docs":{},"d":{"df":0,"docs":{},"e":{"df":0,"docs":{},"t":{"df":1,"docs":{"info_numeros":{"tf":1}}},"n":{"df":0,"docs":{},"t":{"df":1,"docs":{"informacion_coleccion":{"tf":1}}}}}}}}},"ã":{"df":0,"docs":{},"­":{"df":1,"docs":{"altamodificacion_numeros":{"tf":1}}}},"docs":{}},"docs":{"altamodificacion_numeros":{"tf":1},"informacion_coleccion":{"tf":2},"info_numeros":{"tf":1},"numeros":{"tf":1},"ejemplares":{"tf":1},"operaciones_ejemplares":{"tf":1.7320508},"informe_ejemplares_filtrado":{"tf":1.4142135},"configuracion":{"tf":2}},"u":{"df":0,"docs":{},"t":{"df":0,"docs":{},"o":{"df":0,"docs":{},"m":{"a":{"df":0,"docs":{},"t":{"df":1,"docs":{"informacion_coleccion":{"tf":1}}}},"df":0,"ã":{"¡":{"df":0,"docs":{},"t":{"df":1,"docs":{"configuracion":{"tf":1}}}},"df":0,"docs":{}},"docs":{}}}}},"v":{"df":0,"docs":{},"i":{"df":0,"s":{"df":1,"docs":{"operaciones_ejemplares":{"tf":1}}},"docs":{}}},"y":{"df":0,"docs":{},"u":{"df":0,"docs":{},"d":{"df":1,"docs":{"_index_":{"tf":1}}}}}},"b":{"a":{"df":0,"r":{"df":0,"r":{"df":1,"docs":{"colecciones":{"tf":1}}},"docs":{}},"s":{"df":2,"docs":{"colecciones":{"tf":1},"numeros":{"tf":1}}},"docs":{}},"df":0,"ã":{"df":0,"docs":{},"º":{"df":0,"s":{"q":{"df":0,"docs":{},"u":{"df":0,"docs":{},"e":{"df":0,"docs":{},"d":{"a":{"df":0,"docs":{},".":{"df":2,"docs":{"informe_colecciones_por_nombre":{"tf":1},"informe_ejemplares_filtrado":{"tf":1}}}},"df":2,"docs":{"colecciones":{"tf":1.4142135},"numeros":{"tf":2.236068}}}}}},"df":0,"c":{"a":{"df":0,"r":{"df":2,"docs":{"informacion_coleccion":{"tf":1},"numeros":{"tf":1}},":":{"df":1,"docs":{"colecciones":{"tf":1}}},".":{"df":2,"docs":{"numeros":{"tf":1},"informe_colecciones_por_nombre":{"tf":1}}}},"docs":{}},"df":0,"docs":{}},"docs":{}},"docs":{}}},"docs":{},"u":{"df":0,"s":{"df":0,"c":{"a":{"df":0,"r":{"df":0,"ã":{"¡":{"df":1,"docs":{"informe_ejemplares_filtrado":{"tf":1}}},"df":0,"docs":{}},"docs":{}},"docs":{}},"df":3,"docs":{"colecciones":{"tf":1.7320508},"numeros":{"tf":1},"informe_ejemplares_filtrado":{"tf":1.4142135}}},"docs":{}},"docs":{}},"l":{"a":{"df":0,"docs":{},"n":{"df":0,"c":{"df":2,"docs":{"colecciones":{"tf":1},"numeros":{"tf":1}}},"docs":{},"d":{"df":1,"docs":{"altamodificacion_numeros":{"tf":1}}}}},"df":0,"docs":{},"o":{"q":{"df":0,"docs":{},"u":{"df":0,"docs":{},"e":{"a":{"df":0,"docs":{},"d":{"df":0,"docs":{},"o":{"df":0,"docs":{},".":{"df":1,"docs":{"altamodificacion_numeros":{"tf":1}}}}}},"df":0,"docs":{}}}},"df":0,"docs":{}}},"o":{"df":0,"docs":{},"t":{"df":0,"ã":{"df":0,"³":{"df":0,"docs":{},"n":{"df":3,"docs":{"altamodificacion_numeros":{"tf":1},"informacion_coleccion":{"tf":1.4142135},"info_numeros":{"tf":1}}}},"docs":{}},"docs":{}}}},"\"":{"df":0,"s":{"df":0,"docs":{},"e":{"df":0,"r":{"df":0,"docs":{},"v":{"df":0,"docs":{},"i":{"df":0,"docs":{},"d":{"df":0,"docs":{},"o":{"df":0,"r":{"df":0,"\"":{"df":1,"docs":{"configuracion":{"tf":1}}},"docs":{}},"docs":{}}}}}},"docs":{}}},"docs":{},"+":{"df":0,"\"":{"df":2,"docs":{"informacion_coleccion":{"tf":1},"info_numeros":{"tf":1}},".":{"df":1,"docs":{"ejemplares":{"tf":1}}}},"docs":{}},"n":{"df":0,"ã":{"df":0,"docs":{},"º":{"df":0,"docs":{},"m":{"df":0,"docs":{},"e":{"df":0,"r":{"df":0,"docs":{},"o":{"df":0,"s":{"df":0,"\"":{"df":1,"docs":{"info_numeros":{"tf":1}}},"docs":{}},"docs":{}}},"docs":{}}}}},"docs":{}}},"ã":{"df":0,"docs":{},"º":{"df":0,"docs":{},"n":{"df":0,"docs":{},"i":{"df":0,"c":{"df":1,"docs":{"altamodificacion_numeros":{"tf":1}},"o":{"df":0,"docs":{},",":{"df":1,"docs":{"altamodificacion_coleccion":{"tf":1}}}}},"docs":{}}}}},"c":{"a":{"df":0,"r":{"a":{"df":0,"c":{"df":0,"docs":{},"t":{"df":0,"docs":{},"e":{"df":0,"r":{"df":1,"docs":{"altamodificacion_numeros":{"tf":1}}},"docs":{}}}},"docs":{}},"df":0,"ã":{"¡":{"df":0,"c":{"df":0,"docs":{},"t":{"df":0,"docs":{},"e":{"df":0,"r":{"df":1,"docs":{"altamodificacion_numeros":{"tf":1}},"e":{"df":0,"s":{"df":0,"docs":{},".":{"df":1,"docs":{"altamodificacion_coleccion":{"tf":1}}}},"docs":{}}},"docs":{}}}},"docs":{}},"df":0,"docs":{}},"docs":{}},"b":{"df":0,"docs":{},"e":{"df":0,"c":{"df":0,"docs":{},"e":{"df":0,"r":{"df":2,"docs":{"informacion_coleccion":{"tf":1},"info_numeros":{"tf":1}}},"docs":{}}},"docs":{}}},"s":{"df":10,"docs":{"altamodificacion_numeros":{"tf":1},"colecciones":{"tf":1},"info_numeros":{"tf":1},"numeros":{"tf":1},"ejemplares":{"tf":1},"operaciones_ejemplares":{"tf":1},"informe_ejemplares_filtrado":{"tf":1},"altamodificacion_coleccion":{"tf":1},"configuracion":{"tf":1.7320508},"informes":{"tf":1}}},"docs":{},"m":{"p":{"df":7,"docs":{"altamodificacion_numeros":{"tf":2.236068},"colecciones":{"tf":1},"informacion_coleccion":{"tf":1},"numeros":{"tf":1},"operaciones_ejemplares":{"tf":1.7320508},"informe_ejemplares_filtrado":{"tf":2},"informe_numeros_por_nombre":{"tf":1.4142135}},"o":{"df":0,"docs":{},".":{"df":1,"docs":{"informacion_coleccion":{"tf":1}}}}},"df":0,"b":{"df":0,"docs":{},"i":{"a":{"df":0,"r":{"df":0,"ã":{"¡":{"df":1,"docs":{"configuracion":{"tf":1}}},"df":0,"docs":{}},"docs":{}},"docs":{}},"df":1,"docs":{"configuracion":{"tf":1.7320508}}}},"docs":{}}},"df":0,"r":{"df":0,"docs":{},"e":{"a":{"df":0,"c":{"df":0,"docs":{},"i":{"df":0,"ã":{"df":0,"³":{"df":0,"docs":{},"n":{"df":0,"docs":{},",":{"df":1,"docs":{"informacion_coleccion":{"tf":1}}}}},"docs":{}},"docs":{}}},"docs":{}},"df":0,"docs":{}}},"docs":{},"e":{"df":0,"r":{"df":0,"r":{"a":{"df":0,"r":{"df":0,"ã":{"¡":{"df":1,"docs":{"configuracion":{"tf":1}}},"df":0,"docs":{}},"docs":{}},"docs":{}},"df":1,"docs":{"configuracion":{"tf":1}}},"docs":{}},"docs":{},"l":{"df":0,"docs":{},"d":{"df":1,"docs":{"info_numeros":{"tf":1}}}}},"u":{"a":{"df":0,"docs":{},"l":{"df":1,"docs":{"menu_principal":{"tf":1}}},"n":{"df":0,"docs":{},"d":{"df":1,"docs":{"operaciones_ejemplares":{"tf":1}}}}},"df":0,"docs":{},"e":{"df":0,"docs":{},"n":{"df":0,"docs":{},"t":{"df":1,"docs":{"operaciones_ejemplares":{"tf":1}}}}},"m":{"p":{"df":0,"docs":{},"l":{"df":0,"docs":{},"i":{"df":0,"r":{"df":0,"ã":{"¡":{"df":0,"docs":{},"n":{"df":1,"docs":{"altamodificacion_numeros":{"tf":1}}}},"df":0,"docs":{}},"docs":{}},"docs":{}}}},"df":0,"docs":{}}},"l":{"df":0,"docs":{},"i":{"df":0,"c":{"df":4,"docs":{"informacion_coleccion":{"tf":1.4142135},"info_numeros":{"tf":1.4142135},"ejemplares":{"tf":1},"informes":{"tf":1}}},"docs":{}}},"o":{"df":0,"r":{"df":0,"r":{"df":0,"docs":{},"e":{"df":0,"s":{"p":{"df":0,"docs":{},"o":{"df":0,"docs":{},"n":{"df":0,"docs":{},"d":{"df":0,"docs":{},"i":{"df":0,"docs":{},"e":{"df":0,"docs":{},"n":{"df":0,"docs":{},"t":{"df":1,"docs":{"informacion_coleccion":{"tf":1}},"e":{"df":0,"docs":{},".":{"df":1,"docs":{"altamodificacion_numeros":{"tf":1}}}}}}}}}}}},"df":0,"docs":{}},"docs":{}}},"docs":{}},"docs":{},"l":{"df":0,"docs":{},"e":{"df":0,"c":{"df":0,"c":{"df":0,"docs":{},"i":{"df":0,"ã":{"df":0,"³":{"df":0,"docs":{},"n":{"df":9,"docs":{"altamodificacion_numeros":{"tf":1.4142135},"colecciones":{"tf":2.236068},"informacion_coleccion":{"tf":3.1622777},"info_numeros":{"tf":1},"numeros":{"tf":1.4142135},"informe_colecciones_por_nombre":{"tf":1.4142135},"informe_ejemplares_filtrado":{"tf":1},"altamodificacion_coleccion":{"tf":1.7320508},"informe_numeros_por_nombre":{"tf":1}},",":{"df":2,"docs":{"informacion_coleccion":{"tf":1.4142135},"altamodificacion_coleccion":{"tf":1}}},".":{"df":1,"docs":{"informacion_coleccion":{"tf":1}}}}},"docs":{}},"docs":{},"o":{"df":0,"docs":{},"n":{"df":6,"docs":{"colecciones":{"tf":1.7320508},"informacion_coleccion":{"tf":1.4142135},"menu_principal":{"tf":1},"informe_colecciones_por_nombre":{"tf":1},"informe_colecciones":{"tf":1},"informes":{"tf":1.4142135}}}}}},"docs":{}},"docs":{}}},"m":{"p":{"df":0,"r":{"df":1,"docs":{"operaciones_ejemplares":{"tf":1}},"o":{"df":0,"b":{"a":{"df":0,"r":{"df":0,"ã":{"¡":{"df":1,"docs":{"configuracion":{"tf":1}}},"df":0,"docs":{}},"docs":{}},"docs":{}},"df":0,"docs":{}},"docs":{}}},"docs":{},"l":{"df":0,"docs":{},"e":{"df":0,"docs":{},"t":{"df":1,"docs":{"informacion_coleccion":{"tf":1}}}}}},"df":1,"docs":{"altamodificacion_numeros":{"tf":1}}},"n":{"df":2,"s":{"df":0,"docs":{},"u":{"df":0,"docs":{},"l":{"df":0,"docs":{},"t":{"df":1,"docs":{"informacion_coleccion":{"tf":1.4142135}}}}}},"c":{"df":0,"docs":{},"l":{"df":0,"docs":{},"u":{"df":0,"docs":{},"e":{"df":0,"docs":{},"n":{"df":0,"docs":{},"t":{"df":0,"docs":{},"e":{"df":0,"s":{"df":0,"docs":{},".":{"df":1,"docs":{"informe_ejemplares_filtrado":{"tf":1}}}},"docs":{}}}}}}}},"docs":{"informacion_coleccion":{"tf":1},"configuracion":{"tf":1}},"t":{"df":0,"r":{"a":{"df":0,"r":{"df":0,"docs":{},"i":{"df":1,"docs":{"altamodificacion_coleccion":{"tf":1}},"o":{"df":0,"docs":{},",":{"df":2,"docs":{"operaciones_ejemplares":{"tf":1},"configuracion":{"tf":1}}}}}},"docs":{}},"df":0,"docs":{}},"docs":{},"i":{"df":0,"docs":{},"n":{"df":1,"docs":{"informacion_coleccion":{"tf":1}}}}},"e":{"df":0,"docs":{},"x":{"df":0,"docs":{},"i":{"df":0,"ã":{"df":0,"³":{"df":0,"docs":{},"n":{"df":1,"docs":{"configuracion":{"tf":1.4142135}},".":{"df":1,"docs":{"configuracion":{"tf":1}}}}},"docs":{}},"docs":{}}}},"f":{"df":0,"docs":{},"i":{"df":0,"docs":{},"g":{"df":0,"docs":{},"u":{"df":0,"r":{"a":{"df":0,"c":{"df":0,"docs":{},"i":{"df":0,"ã":{"df":0,"³":{"df":0,"docs":{},"n":{"df":0,"docs":{},",":{"df":1,"docs":{"configuracion":{"tf":1}}}}},"docs":{}},"docs":{}}},"docs":{}},"df":0,"docs":{}},"docs":{},"i":{"df":0,"r":{"a":{"df":0,"c":{"df":0,"docs":{},"i":{"df":0,"ã":{"df":0,"³":{"df":0,"docs":{},"n":{"df":1,"docs":{"configuracion":{"tf":1}}}},"docs":{}},"docs":{}}},"docs":{}},"df":0,"docs":{}},"docs":{}}}}}}}}},"d":{"a":{"df":0,"r":{"df":5,"docs":{"altamodificacion_numeros":{"tf":1.7320508},"colecciones":{"tf":1},"informacion_coleccion":{"tf":1.7320508},"ejemplares":{"tf":1},"operaciones_ejemplares":{"tf":1}},"l":{"df":1,"docs":{"altamodificacion_numeros":{"tf":1}}}},"docs":{},"t":{"df":5,"docs":{"informe_numeros":{"tf":1},"operaciones_ejemplares":{"tf":1},"informe_ejemplares":{"tf":1},"informe_ejemplares_filtrado":{"tf":1.4142135},"informe_numeros_por_nombre":{"tf":1}},"o":{"df":0,"s":{"df":0,"docs":{},")":{"df":1,"docs":{"informe_ejemplares_filtrado":{"tf":1}}},".":{"df":4,"docs":{"colecciones":{"tf":1},"numeros":{"tf":1},"informe_ejemplares_filtrado":{"tf":1},"informe_numeros_por_nombre":{"tf":1}}}},"docs":{}}},"d":{"df":1,"docs":{"informacion_coleccion":{"tf":1}}}},"df":0,"ã":{"df":0,"docs":{},"­":{"a":{"df":1,"docs":{"informe_ejemplares_filtrado":{"tf":1.4142135}}},"df":0,"docs":{}}},"docs":{},"e":{"a":{"df":0,"docs":{},"m":{"df":1,"docs":{"operaciones_ejemplares":{"tf":1}}}},"df":19,"b":{"df":3,"docs":{"informacion_coleccion":{"tf":1.4142135},"info_numeros":{"tf":1},"altamodificacion_coleccion":{"tf":1}},"e":{"df":0,"r":{"df":0,"ã":{"¡":{"df":1,"docs":{"altamodificacion_coleccion":{"tf":1.4142135}}},"df":0,"docs":{}},"docs":{}},"docs":{}}},"s":{"p":{"df":0,"docs":{},"u":{"df":0,"docs":{},"e":{"df":0,"s":{"df":1,"docs":{"informacion_coleccion":{"tf":1}}},"docs":{}}}},"df":5,"c":{"df":0,"r":{"df":0,"docs":{},"i":{"p":{"df":0,"c":{"df":0,"docs":{},"i":{"df":0,"ã":{"df":0,"³":{"df":0,"docs":{},"n":{"df":1,"docs":{"informacion_coleccion":{"tf":1}},".":{"df":1,"docs":{"altamodificacion_coleccion":{"tf":1}}}}},"docs":{}},"docs":{}}},"docs":{}},"df":0,"docs":{}}},"docs":{},"e":{"df":0,"docs":{},"n":{"df":0,"docs":{},"d":{"df":0,"docs":{},"e":{"df":0,"docs":{},"n":{"df":0,"docs":{},"t":{"df":2,"docs":{"informacion_coleccion":{"tf":1},"info_numeros":{"tf":1}}}}}}}},"o":{"df":0,"docs":{},"n":{"df":0,"docs":{},"e":{"df":0,"docs":{},"x":{"df":0,"docs":{},"i":{"df":0,"ã":{"df":0,"³":{"df":0,"docs":{},"n":{"df":1,"docs":{"configuracion":{"tf":1}}}},"docs":{}},"docs":{}}}}}}},"docs":{"altamodificacion_numeros":{"tf":1},"colecciones":{"tf":1},"informacion_coleccion":{"tf":1.4142135},"info_numeros":{"tf":1},"informe_colecciones_por_nombre":{"tf":1.4142135}},"d":{"df":10,"docs":{"altamodificacion_numeros":{"tf":1.4142135},"colecciones":{"tf":1},"informacion_coleccion":{"tf":1.7320508},"info_numeros":{"tf":2},"numeros":{"tf":1},"ejemplares":{"tf":1.4142135},"operaciones_ejemplares":{"tf":1},"informe_ejemplares_filtrado":{"tf":1},"configuracion":{"tf":1},"informes":{"tf":1.4142135}}},"e":{"df":0,"docs":{},"d":{"df":1,"docs":{"configuracion":{"tf":1}}},"e":{"df":0,"docs":{},"m":{"df":0,"docs":{},"o":{"df":0,"s":{"df":0,"docs":{},".":{"df":2,"docs":{"ejemplares":{"tf":1},"informes":{"tf":1}}}},"docs":{}}}}}},"docs":{"altamodificacion_numeros":{"tf":3.8729835},"colecciones":{"tf":3},"informe_numeros":{"tf":1.4142135},"info_numeros":{"tf":3},"ejemplares":{"tf":1.7320508},"operaciones_ejemplares":{"tf":2.4494898},"informe_ejemplares":{"tf":1.4142135},"informe_ejemplares_filtrado":{"tf":4.2426405},"informe_numeros_por_nombre":{"tf":2.6457512},"configuracion":{"tf":2.6457512},"informacion_coleccion":{"tf":4.8989797},"numeros":{"tf":3.1622777},"menu_principal":{"tf":1.7320508},"_index_":{"tf":1.4142135},"informe_colecciones_por_nombre":{"tf":1.7320508},"informe_colecciones":{"tf":1},"altamodificacion_coleccion":{"tf":2.4494898},"informes":{"tf":3},"pagina_principal":{"tf":1.4142135}},"f":{"df":0,"docs":{},"e":{"df":0,"c":{"df":0,"docs":{},"t":{"df":1,"docs":{"pagina_principal":{"tf":1}},"o":{"df":0,"docs":{},".":{"df":1,"docs":{"altamodificacion_numeros":{"tf":1}}}}}},"docs":{}}},"j":{"df":2,"docs":{"colecciones":{"tf":1},"numeros":{"tf":1}}},"l":{"df":11,"docs":{"altamodificacion_numeros":{"tf":1},"informacion_coleccion":{"tf":1.4142135},"informe_numeros":{"tf":1.4142135},"info_numeros":{"tf":1},"informe_colecciones_por_nombre":{"tf":1},"informe_ejemplares":{"tf":1.4142135},"informe_colecciones":{"tf":1.4142135},"informe_ejemplares_filtrado":{"tf":1.7320508},"informe_numeros_por_nombre":{"tf":1},"configuracion":{"tf":1.7320508},"informes":{"tf":1}}}},"u":{"df":0,"r":{"df":1,"docs":{"altamodificacion_numeros":{"tf":1}}},"docs":{}},"i":{"df":0,"r":{"df":0,"docs":{},"i":{"df":0,"docs":{},"g":{"df":1,"docs":{"informacion_coleccion":{"tf":1}}}}},"c":{"df":0,"docs":{},"h":{"df":1,"docs":{"informacion_coleccion":{"tf":1}}}},"s":{"p":{"df":0,"docs":{},"o":{"df":0,"docs":{},"n":{"df":1,"docs":{"informacion_coleccion":{"tf":1}}}}},"df":0,"docs":{}},"docs":{}},"o":{"df":0,"b":{"df":0,"docs":{},"l":{"df":3,"docs":{"informacion_coleccion":{"tf":1},"info_numeros":{"tf":1},"ejemplares":{"tf":1}}}},"docs":{},"n":{"df":0,"docs":{},"d":{"df":3,"docs":{"informe_colecciones_por_nombre":{"tf":1},"informe_ejemplares_filtrado":{"tf":1},"informe_numeros_por_nombre":{"tf":1}}}}}},"e":{"df":0,"r":{"df":0,"r":{"df":0,"docs":{},"o":{"df":0,"r":{"df":0,"docs":{},".":{"df":1,"docs":{"altamodificacion_coleccion":{"tf":1}}}},"docs":{}}},"docs":{}},"s":{"df":0,"c":{"df":0,"r":{"df":0,"docs":{},"i":{"df":0,"b":{"df":2,"docs":{"colecciones":{"tf":1},"numeros":{"tf":1}}},"docs":{}}},"docs":{},"o":{"df":0,"docs":{},"g":{"df":1,"docs":{"altamodificacion_numeros":{"tf":1}}}}},"docs":{},"t":{"a":{"df":10,"r":{"df":0,"ã":{"¡":{"df":1,"docs":{"configuracion":{"tf":1}}},"df":0,"docs":{}},"docs":{}},"b":{"df":0,"docs":{},"l":{"df":0,"docs":{},"e":{"df":0,"c":{"df":1,"docs":{"configuracion":{"tf":1}}},"docs":{}}}},"docs":{"altamodificacion_numeros":{"tf":1.4142135},"colecciones":{"tf":1},"informacion_coleccion":{"tf":2.236068},"info_numeros":{"tf":1.7320508},"numeros":{"tf":1},"ejemplares":{"tf":1.4142135},"operaciones_ejemplares":{"tf":1},"configuracion":{"tf":1},"informes":{"tf":1},"pagina_principal":{"tf":1.4142135}},"d":{"df":1,"docs":{"operaciones_ejemplares":{"tf":1}}},".":{"df":1,"docs":{"info_numeros":{"tf":1}}}},"df":0,"ã":{"¡":{"df":1,"docs":{"menu_principal":{"tf":1}},"n":{"df":1,"docs":{"informe_ejemplares_filtrado":{"tf":1}}}},"df":0,"docs":{}},"docs":{},"e":{"df":8,"docs":{"informe_numeros":{"tf":1},"menu_principal":{"tf":1},"informe_colecciones_por_nombre":{"tf":1},"informe_ejemplares":{"tf":1},"informe_colecciones":{"tf":1},"informe_ejemplares_filtrado":{"tf":1},"informe_numeros_por_nombre":{"tf":1},"configuracion":{"tf":1.4142135}}},"o":{"df":1,"s":{"df":1,"docs":{"informe_ejemplares_filtrado":{"tf":1}},".":{"df":1,"docs":{"info_numeros":{"tf":1}}}},"docs":{"ejemplares":{"tf":1}}}},"e":{"df":1,"docs":{"info_numeros":{"tf":1}}}},"docs":{},"x":{"df":0,"c":{"df":0,"docs":{},"e":{"p":{"df":0,"docs":{},"t":{"df":0,"docs":{},"u":{"df":1,"docs":{"altamodificacion_numeros":{"tf":1}}}}},"df":0,"docs":{}}},"docs":{},"i":{"df":0,"s":{"df":0,"docs":{},"t":{"df":0,"docs":{},"e":{"df":0,"docs":{},",":{"df":1,"docs":{"configuracion":{"tf":1}}}}}},"docs":{}}},"j":{"df":0,"docs":{},"e":{"df":0,"docs":{},"m":{"p":{"df":0,"docs":{},"l":{"a":{"df":0,"r":{"df":4,"docs":{"info_numeros":{"tf":2},"informe_ejemplares":{"tf":1.4142135},"informe_ejemplares_filtrado":{"tf":1.4142135},"informes":{"tf":1.4142135}},"e":{"df":0,"s":{"df":0,"docs":{},",":{"df":2,"docs":{"info_numeros":{"tf":1.4142135},"operaciones_ejemplares":{"tf":1}}},".":{"df":1,"docs":{"ejemplares":{"tf":1}}}},"docs":{}},".":{"df":1,"docs":{"info_numeros":{"tf":1}}}},"docs":{}},"df":2,"docs":{"ejemplares":{"tf":1.7320508},"operaciones_ejemplares":{"tf":1}}}},"df":0,"docs":{}}}},"l":{"df":15,"docs":{"altamodificacion_numeros":{"tf":3.1622777},"colecciones":{"tf":1.7320508},"info_numeros":{"tf":2.828427},"ejemplares":{"tf":1},"operaciones_ejemplares":{"tf":1},"informe_ejemplares_filtrado":{"tf":2.236068},"informe_numeros_por_nombre":{"tf":1},"configuracion":{"tf":2.6457512},"informacion_coleccion":{"tf":2.828427},"numeros":{"tf":2.236068},"menu_principal":{"tf":1.7320508},"informe_colecciones_por_nombre":{"tf":2},"altamodificacion_coleccion":{"tf":1.7320508},"informes":{"tf":1.4142135},"pagina_principal":{"tf":1}},"i":{"df":0,"docs":{},"m":{"a":{"df":0,"r":{"df":0,"docs":{},".":{"df":1,"docs":{"info_numeros":{"tf":1}}}},"docs":{}},"df":0,"docs":{},"i":{"df":0,"docs":{},"n":{"a":{"df":0,"r":{"df":0,"docs":{},"l":{"df":0,"docs":{},"o":{"df":0,"s":{"df":0,"docs":{},",":{"df":1,"docs":{"operaciones_ejemplares":{"tf":1}}}},"docs":{},".":{"df":1,"docs":{"info_numeros":{"tf":1}}}}},",":{"df":2,"docs":{"altamodificacion_numeros":{"tf":1},"info_numeros":{"tf":1}}},".":{"df":1,"docs":{"informacion_coleccion":{"tf":1}}}},"docs":{}},"df":4,"docs":{"altamodificacion_numeros":{"tf":1},"informacion_coleccion":{"tf":2},"info_numeros":{"tf":2},"ejemplares":{"tf":1}}}}}},"l":{"df":0,"docs":{},"o":{"df":2,"docs":{"informacion_coleccion":{"tf":1},"info_numeros":{"tf":1}}}}},"m":{"p":{"df":0,"r":{"df":0,"docs":{},"e":{"df":0,"s":{"a":{"df":0,"docs":{},".":{"df":1,"docs":{"pagina_principal":{"tf":1}}}},"df":0,"docs":{}},"docs":{}}},"docs":{}},"df":0,"docs":{}},"n":{"df":14,"c":{"df":0,"docs":{},"o":{"df":0,"docs":{},"n":{"df":0,"docs":{},"t":{"df":0,"r":{"df":2,"docs":{"informacion_coleccion":{"tf":1},"menu_principal":{"tf":1}}},"docs":{}}}}},"docs":{"altamodificacion_numeros":{"tf":1.4142135},"colecciones":{"tf":2.4494898},"info_numeros":{"tf":2},"ejemplares":{"tf":1},"operaciones_ejemplares":{"tf":1.4142135},"informe_ejemplares_filtrado":{"tf":1},"configuracion":{"tf":2.828427},"informacion_coleccion":{"tf":2.4494898},"numeros":{"tf":2.4494898},"menu_principal":{"tf":1.7320508},"informe_colecciones_por_nombre":{"tf":1},"altamodificacion_coleccion":{"tf":1},"informes":{"tf":1.4142135},"pagina_principal":{"tf":1}},"t":{"df":0,"r":{"df":0,"docs":{},"e":{"df":1,"docs":{"altamodificacion_numeros":{"tf":1}}}},"docs":{},"e":{"df":0,"r":{"df":1,"docs":{"altamodificacion_numeros":{"tf":1}}},"docs":{}},"i":{"df":0,"docs":{},"d":{"a":{"df":0,"docs":{},"d":{"df":1,"docs":{"informes":{"tf":1}}}},"df":0,"docs":{}}}},"g":{"df":0,"r":{"a":{"df":0,"docs":{},"n":{"a":{"df":0,"docs":{},"j":{"df":1,"docs":{"configuracion":{"tf":1}}}},"df":0,"docs":{}}},"df":0,"docs":{}},"docs":{}}}},"f":{"df":0,"docs":{},"e":{"df":0,"c":{"df":0,"docs":{},"h":{"a":{"df":0,"docs":{},".":{"df":1,"docs":{"informe_ejemplares_filtrado":{"tf":1}}}},"df":3,"docs":{"informacion_coleccion":{"tf":1},"operaciones_ejemplares":{"tf":1.4142135},"informe_ejemplares_filtrado":{"tf":2.6457512}}}},"docs":{}},"i":{"df":0,"docs":{},"l":{"df":0,"docs":{},"t":{"df":0,"r":{"df":6,"docs":{"informacion_coleccion":{"tf":1},"info_numeros":{"tf":1},"informe_colecciones_por_nombre":{"tf":1},"informe_ejemplares_filtrado":{"tf":2.4494898},"informe_numeros_por_nombre":{"tf":1.7320508},"informes":{"tf":1}}},"docs":{}}},"n":{"df":1,"docs":{"informe_ejemplares_filtrado":{"tf":1.7320508}}}},"o":{"df":0,"r":{"df":0,"docs":{},"m":{"df":4,"docs":{"altamodificacion_numeros":{"tf":1},"informacion_coleccion":{"tf":1},"info_numeros":{"tf":1},"configuracion":{"tf":1}}}},"docs":{}}},"g":{"df":0,"docs":{},"e":{"df":0,"s":{"df":0,"docs":{},"t":{"df":0,"docs":{},"i":{"df":0,"docs":{},"o":{"df":0,"docs":{},"n":{"df":1,"docs":{"informes":{"tf":1}}}}}}},"docs":{},"n":{"df":0,"docs":{},"e":{"df":0,"r":{"a":{"df":0,"docs":{},"l":{"df":3,"docs":{"informe_numeros":{"tf":1},"informe_ejemplares":{"tf":1},"informe_colecciones":{"tf":1}}}},"df":0,"docs":{}},"docs":{}}}},"u":{"df":0,"docs":{},"i":{"df":0,"docs":{},"o":{"df":0,"docs":{},"n":{"df":0,"docs":{},"e":{"df":0,"s":{"df":0,"docs":{},")":{"df":1,"docs":{"altamodificacion_numeros":{"tf":1}}}},"docs":{}}}}}}},"h":{"a":{"df":0,"c":{"df":5,"docs":{"altamodificacion_numeros":{"tf":1},"informacion_coleccion":{"tf":1.4142135},"info_numeros":{"tf":1.4142135},"ejemplares":{"tf":1.4142135},"informes":{"tf":1}}},"s":{"df":0,"docs":{},"t":{"df":2,"docs":{"altamodificacion_numeros":{"tf":1},"informe_ejemplares_filtrado":{"tf":1}}}},"docs":{}},"df":0,"docs":{},"o":{"df":0,"r":{"df":5,"docs":{"altamodificacion_numeros":{"tf":1},"informacion_coleccion":{"tf":1},"operaciones_ejemplares":{"tf":1},"informe_ejemplares_filtrado":{"tf":1},"configuracion":{"tf":1}}},"docs":{}}},"(":{"df":0,"docs":{},"t":{"df":0,"docs":{},"o":{"df":0,"docs":{},"d":{"df":1,"docs":{"informe_ejemplares_filtrado":{"tf":1}}}}},"f":{"df":0,"docs":{},"o":{"df":0,"r":{"df":0,"docs":{},"m":{"a":{"df":0,"docs":{},"t":{"df":1,"docs":{"altamodificacion_numeros":{"tf":1}}}},"df":0,"docs":{}}},"docs":{}}}},"i":{"df":0,"c":{"df":0,"docs":{},"o":{"df":0,"docs":{},"n":{"df":1,"docs":{"configuracion":{"tf":1}}}}},"s":{"df":0,"b":{"df":0,"docs":{},"n":{"df":1,"docs":{"altamodificacion_numeros":{"tf":2}}}},"docs":{}},"docs":{},"d":{"df":0,"docs":{},"i":{"df":0,"docs":{},"o":{"df":0,"docs":{},"m":{"df":1,"docs":{"configuracion":{"tf":1.7320508}}}}}},"z":{"q":{"df":0,"docs":{},"u":{"df":0,"docs":{},"i":{"df":0,"docs":{},"e":{"df":0,"r":{"df":0,"docs":{},"d":{"df":2,"docs":{"numeros":{"tf":1},"menu_principal":{"tf":1}}}},"docs":{}}}}},"df":0,"docs":{}},"m":{"a":{"df":0,"docs":{},"g":{"df":1,"docs":{"altamodificacion_numeros":{"tf":1.4142135}},"e":{"df":0,"docs":{},"n":{"df":0,"docs":{},",":{"df":1,"docs":{"altamodificacion_numeros":{"tf":1}}},".":{"df":1,"docs":{"altamodificacion_numeros":{"tf":1}}}}}}},"df":0,"docs":{}},"n":{"df":0,"c":{"df":0,"docs":{},"l":{"df":0,"docs":{},"u":{"df":1,"docs":{"pagina_principal":{"tf":1}}}}},"docs":{},"t":{"df":0,"r":{"df":0,"docs":{},"o":{"df":0,"docs":{},"d":{"df":0,"docs":{},"u":{"df":0,"c":{"df":4,"docs":{"informe_colecciones_por_nombre":{"tf":1.4142135},"informe_ejemplares_filtrado":{"tf":1.7320508},"altamodificacion_coleccion":{"tf":1},"informe_numeros_por_nombre":{"tf":1}}},"docs":{}}},".":{"df":2,"docs":{"colecciones":{"tf":1},"numeros":{"tf":1}}}}},"docs":{}},"d":{"df":0,"docs":{},"i":{"df":0,"c":{"df":1,"docs":{"numeros":{"tf":1}}},"docs":{}}},"f":{"df":0,"docs":{},"o":{"df":0,"r":{"df":0,"docs":{},"m":{"a":{"df":0,"c":{"df":0,"docs":{},"i":{"df":0,"ã":{"df":0,"³":{"df":0,"docs":{},"n":{"df":8,"docs":{"altamodificacion_numeros":{"tf":1},"colecciones":{"tf":1},"informacion_coleccion":{"tf":2},"info_numeros":{"tf":1},"numeros":{"tf":1},"ejemplares":{"tf":1},"operaciones_ejemplares":{"tf":1},"informe_colecciones":{"tf":1}}}},"docs":{}},"docs":{}}},"docs":{}},"df":8,"docs":{"informe_numeros":{"tf":1.4142135},"menu_principal":{"tf":1},"informe_colecciones_por_nombre":{"tf":1.4142135},"informe_ejemplares":{"tf":1.4142135},"informe_colecciones":{"tf":1.4142135},"informe_ejemplares_filtrado":{"tf":1.7320508},"informe_numeros_por_nombre":{"tf":1.7320508},"informes":{"tf":2.828427}},"e":{"df":0,"s":{"df":0,"docs":{},":":{"df":1,"docs":{"informes":{"tf":1}}}},"docs":{},",":{"df":2,"docs":{"informe_colecciones_por_nombre":{"tf":1},"informes":{"tf":1}}}}}},"docs":{}}},"i":{"df":0,"c":{"df":0,"docs":{},"i":{"df":3,"docs":{"informacion_coleccion":{"tf":1},"informe_ejemplares_filtrado":{"tf":2},"informe_numeros_por_nombre":{"tf":1}}}},"docs":{}}}},"l":{"a":{"df":19,"s":{"df":6,"docs":{"altamodificacion_numeros":{"tf":1.4142135},"informacion_coleccion":{"tf":1},"menu_principal":{"tf":1},"ejemplares":{"tf":1},"informe_colecciones_por_nombre":{"tf":1},"informes":{"tf":1}}},"docs":{"altamodificacion_numeros":{"tf":2.828427},"colecciones":{"tf":2.828427},"informe_numeros":{"tf":1.4142135},"info_numeros":{"tf":2.6457512},"ejemplares":{"tf":1.4142135},"operaciones_ejemplares":{"tf":2.236068},"informe_ejemplares":{"tf":1.4142135},"informe_ejemplares_filtrado":{"tf":3.6055512},"informe_numeros_por_nombre":{"tf":2.4494898},"configuracion":{"tf":3.1622777},"informacion_coleccion":{"tf":4.7958317},"numeros":{"tf":2.828427},"menu_principal":{"tf":1.7320508},"_index_":{"tf":1},"informe_colecciones_por_nombre":{"tf":2.236068},"informe_colecciones":{"tf":2},"altamodificacion_coleccion":{"tf":2.6457512},"informes":{"tf":1.7320508},"pagina_principal":{"tf":2.4494898}}},"df":0,"docs":{},"i":{"df":0,"s":{"df":0,"docs":{},"t":{"df":6,"docs":{"colecciones":{"tf":1.4142135},"informacion_coleccion":{"tf":2},"info_numeros":{"tf":1},"numeros":{"tf":1.7320508},"menu_principal":{"tf":1},"informes":{"tf":1.4142135}}}},"docs":{}},"l":{"df":0,"docs":{},"e":{"df":0,"docs":{},"v":{"a":{"df":0,"r":{"df":0,"ã":{"¡":{"df":1,"docs":{"ejemplares":{"tf":1}}},"df":0,"docs":{}},"docs":{}},"docs":{}},"df":0,"ã":{"¡":{"df":0,"docs":{},"n":{"df":0,"docs":{},"d":{"df":0,"docs":{},"o":{"df":0,"docs":{},"n":{"df":1,"docs":{"informacion_coleccion":{"tf":1}}}}}}},"df":0,"docs":{}},"docs":{}}}},"o":{"df":2,"s":{"df":11,"docs":{"altamodificacion_numeros":{"tf":1},"informacion_coleccion":{"tf":1.7320508},"informe_numeros":{"tf":1.4142135},"info_numeros":{"tf":1.7320508},"ejemplares":{"tf":1},"operaciones_ejemplares":{"tf":1.4142135},"informe_ejemplares":{"tf":1.4142135},"informe_ejemplares_filtrado":{"tf":2.6457512},"altamodificacion_coleccion":{"tf":1},"informe_numeros_por_nombre":{"tf":2},"informes":{"tf":1}}},"docs":{"informe_ejemplares_filtrado":{"tf":1},"informe_numeros_por_nombre":{"tf":1}},"g":{"df":1,"docs":{"pagina_principal":{"tf":1}}}}},"m":{"a":{"df":0,"docs":{},"y":{"df":0,"docs":{},"o":{"df":0,"r":{"df":1,"docs":{"informe_ejemplares_filtrado":{"tf":1}}},"docs":{}}},"n":{"df":0,"docs":{},"e":{"df":0,"r":{"df":1,"docs":{"altamodificacion_coleccion":{"tf":1}}},"docs":{}},"u":{"a":{"df":0,"docs":{},"l":{"df":0,"docs":{},",":{"df":1,"docs":{"configuracion":{"tf":1}}}}},"df":0,"docs":{}}}},"df":0,"ã":{"¡":{"df":0,"s":{"df":1,"docs":{"informe_ejemplares_filtrado":{"tf":1}}},"docs":{},"x":{"df":0,"docs":{},"i":{"df":0,"docs":{},"m":{"df":1,"docs":{"altamodificacion_numeros":{"tf":1}}}}}},"df":0,"docs":{}},"docs":{},"e":{"df":0,"s":{"a":{"df":0,"docs":{},"j":{"df":1,"docs":{"operaciones_ejemplares":{"tf":1}}}},"df":0,"docs":{}},"docs":{},"z":{"df":0,"c":{"df":0,"docs":{},"l":{"df":1,"docs":{"informe_ejemplares_filtrado":{"tf":1}}}},"docs":{}},"n":{"df":0,"s":{"a":{"df":0,"docs":{},"j":{"df":2,"docs":{"info_numeros":{"tf":1},"altamodificacion_coleccion":{"tf":1}}}},"df":0,"docs":{}},"c":{"df":0,"docs":{},"i":{"df":0,"docs":{},"o":{"df":0,"docs":{},"n":{"df":1,"docs":{"informe_ejemplares_filtrado":{"tf":1}}}}}},"ã":{"df":0,"docs":{},"º":{"df":2,"docs":{"info_numeros":{"tf":1},"menu_principal":{"tf":1}}}},"docs":{}}},"i":{"df":0,"s":{"df":0,"docs":{},"m":{"df":3,"docs":{"altamodificacion_numeros":{"tf":1},"informe_ejemplares_filtrado":{"tf":1},"altamodificacion_coleccion":{"tf":1}}}},"docs":{},"e":{"df":0,"docs":{},"n":{"df":0,"docs":{},"t":{"df":0,"r":{"df":1,"docs":{"operaciones_ejemplares":{"tf":1}}},"docs":{}}}}},"o":{"df":0,"s":{"df":0,"docs":{},"t":{"df":0,"r":{"a":{"df":0,"r":{"df":0,"ã":{"¡":{"df":3,"docs":{"colecciones":{"tf":1},"informacion_coleccion":{"tf":1},"numeros":{"tf":1}}},"df":0,"docs":{}},"docs":{}},"docs":{}},"df":0,"docs":{}},"docs":{}}},"docs":{},"d":{"df":0,"docs":{},"i":{"df":0,"docs":{},"f":{"df":0,"docs":{},"i":{"df":0,"c":{"a":{"df":0,"r":{"df":0,"docs":{},"l":{"df":0,"docs":{},"o":{"df":0,"s":{"df":0,"docs":{},".":{"df":1,"docs":{"operaciones_ejemplares":{"tf":1}}}},"docs":{}}},",":{"df":1,"docs":{"ejemplares":{"tf":1}}}},"c":{"df":0,"docs":{},"i":{"df":0,"ã":{"df":0,"³":{"df":0,"docs":{},"n":{"df":1,"docs":{"altamodificacion_coleccion":{"tf":1}}}},"docs":{}},"docs":{}}},"docs":{}},"df":4,"docs":{"altamodificacion_numeros":{"tf":1.4142135},"informacion_coleccion":{"tf":1},"info_numeros":{"tf":1},"operaciones_ejemplares":{"tf":1}}},"docs":{}}}}}}},"n":{"df":0,"ã":{"df":0,"docs":{},"º":{"df":0,"docs":{},"m":{"df":0,"docs":{},"e":{"df":0,"r":{"df":8,"docs":{"altamodificacion_numeros":{"tf":2.236068},"informacion_coleccion":{"tf":3},"informe_numeros":{"tf":1.4142135},"info_numeros":{"tf":2.236068},"numeros":{"tf":2.236068},"menu_principal":{"tf":1},"informe_numeros_por_nombre":{"tf":1.7320508},"informes":{"tf":1.4142135}},"i":{"df":0,"c":{"df":1,"docs":{"altamodificacion_numeros":{"tf":1}}},"docs":{}},"o":{"df":0,"s":{"df":0,"docs":{},",":{"df":1,"docs":{"informacion_coleccion":{"tf":1}}},".":{"df":2,"docs":{"informacion_coleccion":{"tf":1},"info_numeros":{"tf":1}}}},"docs":{},",":{"df":4,"docs":{"altamodificacion_numeros":{"tf":1},"info_numeros":{"tf":1},"numeros":{"tf":1.4142135},"informe_ejemplares_filtrado":{"tf":1}}},".":{"df":1,"docs":{"informacion_coleccion":{"tf":1}}}}},"docs":{}}}}},"docs":{},"u":{"df":0,"docs":{},"e":{"df":0,"s":{"df":0,"docs":{},"t":{"df":0,"r":{"df":1,"docs":{"configuracion":{"tf":1}}},"docs":{}}},"docs":{},"v":{"df":4,"docs":{"altamodificacion_numeros":{"tf":1},"informacion_coleccion":{"tf":1},"info_numeros":{"tf":1},"configuracion":{"tf":1.4142135}}}},"m":{"df":0,"docs":{},"e":{"df":0,"r":{"df":1,"docs":{"informacion_coleccion":{"tf":1}}},"docs":{}}}},"e":{"df":0,"docs":{},"g":{"df":0,"r":{"df":0,"docs":{},"i":{"df":0,"docs":{},"t":{"a":{"df":0,"docs":{},",":{"df":1,"docs":{"informacion_coleccion":{"tf":1}}}},"df":0,"docs":{}}}},"docs":{}}},"i":{"df":0,"docs":{},"n":{"df":0,"docs":{},"g":{"df":0,"docs":{},"u":{"df":0,"docs":{},"n":{"df":3,"docs":{"informe_ejemplares_filtrado":{"tf":1},"informe_numeros_por_nombre":{"tf":1},"pagina_principal":{"tf":1}},"o":{"df":0,"docs":{},".":{"df":2,"docs":{"informe_ejemplares_filtrado":{"tf":1},"informe_numeros_por_nombre":{"tf":1}}}}}}}}},"o":{"df":7,"s":{"df":13,"docs":{"colecciones":{"tf":1},"informe_numeros":{"tf":1},"info_numeros":{"tf":1.4142135},"ejemplares":{"tf":1},"informe_ejemplares":{"tf":1},"informe_ejemplares_filtrado":{"tf":1.4142135},"informe_numeros_por_nombre":{"tf":1.4142135},"configuracion":{"tf":1},"informacion_coleccion":{"tf":1.7320508},"numeros":{"tf":1},"menu_principal":{"tf":1},"informe_colecciones_por_nombre":{"tf":1},"informe_colecciones":{"tf":1}}},"docs":{"altamodificacion_numeros":{"tf":1.4142135},"informacion_coleccion":{"tf":1},"operaciones_ejemplares":{"tf":1},"informe_ejemplares_filtrado":{"tf":1.4142135},"altamodificacion_coleccion":{"tf":1},"configuracion":{"tf":1.4142135},"pagina_principal":{"tf":1}},"m":{"df":0,"b":{"df":0,"r":{"df":8,"docs":{"altamodificacion_numeros":{"tf":1},"informacion_coleccion":{"tf":1},"numeros":{"tf":1.7320508},"informe_colecciones_por_nombre":{"tf":1.7320508},"informe_ejemplares_filtrado":{"tf":1.4142135},"altamodificacion_coleccion":{"tf":1.7320508},"informe_numeros_por_nombre":{"tf":1.4142135},"informes":{"tf":1.4142135}}},"docs":{}},"docs":{}},"n":{"df":1,"docs":{"info_numeros":{"tf":1}}}}},"o":{"p":{"df":0,"c":{"df":0,"docs":{},"i":{"df":0,"ã":{"df":0,"³":{"df":0,"docs":{},"n":{"df":1,"docs":{"info_numeros":{"tf":1}}}},"docs":{}},"docs":{},"o":{"df":0,"docs":{},"n":{"a":{"df":0,"docs":{},"l":{"df":0,"docs":{},".":{"df":1,"docs":{"operaciones_ejemplares":{"tf":1}}}}},"df":0,"docs":{},"e":{"df":0,"s":{"df":0,"docs":{},":":{"df":1,"docs":{"menu_principal":{"tf":1}}}},"docs":{}}}}}},"docs":{},"e":{"df":0,"r":{"a":{"df":0,"c":{"df":0,"docs":{},"i":{"df":0,"ã":{"df":0,"³":{"df":0,"docs":{},"n":{"df":0,"docs":{},",":{"df":1,"docs":{"pagina_principal":{"tf":1}}}}},"docs":{}},"docs":{},"o":{"df":0,"docs":{},"n":{"df":0,"docs":{},"e":{"df":0,"s":{"df":0,"docs":{},":":{"df":3,"docs":{"colecciones":{"tf":1},"informacion_coleccion":{"tf":1},"numeros":{"tf":1}}}},"docs":{}}}}}},"docs":{}},"df":0,"docs":{}},"docs":{}}},"df":10,"b":{"df":0,"s":{"df":0,"docs":{},"e":{"df":0,"r":{"df":0,"docs":{},"v":{"a":{"df":0,"c":{"df":0,"docs":{},"i":{"df":0,"docs":{},"o":{"df":0,"docs":{},"n":{"df":0,"docs":{},"e":{"df":0,"s":{"df":0,"docs":{},",":{"df":1,"docs":{"ejemplares":{"tf":1}}}},"docs":{}}}}}},"docs":{}},"df":1,"docs":{"operaciones_ejemplares":{"tf":1}}}},"docs":{}}},"docs":{},"t":{"df":0,"docs":{},"e":{"df":0,"docs":{},"n":{"df":0,"docs":{},"e":{"df":0,"r":{"df":0,"docs":{},".":{"df":1,"docs":{"informe_colecciones_por_nombre":{"tf":1}}}},"docs":{}}}}},"l":{"df":0,"docs":{},"i":{"df":0,"docs":{},"g":{"a":{"df":0,"docs":{},"t":{"df":0,"docs":{},"o":{"df":0,"r":{"df":0,"ã":{"df":0,"docs":{},"­":{"df":2,"docs":{"informe_ejemplares_filtrado":{"tf":1},"informe_numeros_por_nombre":{"tf":1}}}},"docs":{},"i":{"df":3,"docs":{"altamodificacion_numeros":{"tf":1},"informe_colecciones_por_nombre":{"tf":1},"altamodificacion_coleccion":{"tf":1}},"o":{"df":0,"s":{"df":0,"docs":{},",":{"df":1,"docs":{"operaciones_ejemplares":{"tf":1}}}},"docs":{}}}},"docs":{}}}},"df":0,"docs":{}}}}},"docs":{"altamodificacion_numeros":{"tf":1.7320508},"colecciones":{"tf":1},"informacion_coleccion":{"tf":1},"info_numeros":{"tf":1.4142135},"numeros":{"tf":1.4142135},"ejemplares":{"tf":1},"operaciones_ejemplares":{"tf":1},"informe_ejemplares_filtrado":{"tf":1.4142135},"informe_numeros_por_nombre":{"tf":1.4142135},"configuracion":{"tf":1}},"t":{"df":0,"r":{"df":0,"docs":{},"o":{"df":1,"docs":{"operaciones_ejemplares":{"tf":1}}}},"docs":{}},"n":{"df":0,"docs":{},"l":{"df":0,"docs":{},"i":{"df":0,"docs":{},"n":{"df":0,"docs":{},"e":{"df":0,"docs":{},".":{"df":1,"docs":{"configuracion":{"tf":1}}}}}}}}},"p":{"a":{"df":0,"r":{"df":9,"docs":{"altamodificacion_numeros":{"tf":1.4142135},"colecciones":{"tf":1},"informacion_coleccion":{"tf":1.4142135},"info_numeros":{"tf":2},"numeros":{"tf":1},"informe_colecciones_por_nombre":{"tf":1},"informe_ejemplares_filtrado":{"tf":1.7320508},"altamodificacion_coleccion":{"tf":1},"configuracion":{"tf":1.4142135}},"t":{"df":3,"docs":{"informacion_coleccion":{"tf":1},"info_numeros":{"tf":1},"menu_principal":{"tf":1}}}},"docs":{},"n":{"df":0,"docs":{},"t":{"a":{"df":0,"docs":{},"l":{"df":0,"docs":{},"l":{"a":{"df":0,"docs":{},":":{"df":1,"docs":{"informacion_coleccion":{"tf":1}}},",":{"df":2,"docs":{"altamodificacion_coleccion":{"tf":1},"configuracion":{"tf":1}}},".":{"df":1,"docs":{"informacion_coleccion":{"tf":1}}}},"df":4,"docs":{"informacion_coleccion":{"tf":2.236068},"operaciones_ejemplares":{"tf":1},"informe_ejemplares_filtrado":{"tf":1},"informe_numeros_por_nombre":{"tf":1}}}}},"df":0,"docs":{}}}},"df":0,"r":{"df":0,"docs":{},"e":{"df":0,"docs":{},"g":{"df":0,"docs":{},"u":{"df":0,"docs":{},"n":{"df":0,"docs":{},"t":{"df":1,"docs":{"info_numeros":{"tf":1}}}}}}},"i":{"df":0,"docs":{},"m":{"df":0,"docs":{},"e":{"df":0,"r":{"df":1,"docs":{"operaciones_ejemplares":{"tf":1}},"o":{"df":0,"docs":{},".":{"df":2,"docs":{"informacion_coleccion":{"tf":1},"info_numeros":{"tf":1}}}}},"docs":{}}},"n":{"df":0,"c":{"df":0,"docs":{},"i":{"p":{"a":{"df":0,"docs":{},"l":{"df":3,"docs":{"info_numeros":{"tf":1},"menu_principal":{"tf":1.4142135},"pagina_principal":{"tf":1}},".":{"df":1,"docs":{"configuracion":{"tf":1}}}}},"df":0,"docs":{}},"df":0,"docs":{}}},"docs":{}}}},"ã":{"¡":{"df":0,"docs":{},"g":{"df":0,"docs":{},"i":{"df":0,"docs":{},"n":{"df":6,"docs":{"colecciones":{"tf":1.4142135},"numeros":{"tf":1.4142135},"menu_principal":{"tf":1},"_index_":{"tf":1},"configuracion":{"tf":1},"pagina_principal":{"tf":1.7320508}}}}}},"df":0,"docs":{}},"docs":{},"u":{"df":0,"b":{"df":0,"docs":{},"l":{"df":0,"docs":{},"i":{"df":0,"c":{"a":{"df":0,"c":{"df":0,"docs":{},"i":{"df":0,"ã":{"df":0,"³":{"df":0,"docs":{},"n":{"df":1,"docs":{"operaciones_ejemplares":{"tf":1}}}},"docs":{}},"docs":{}}},"docs":{}},"df":0,"docs":{}},"docs":{}}}},"docs":{},"e":{"df":0,"docs":{},"d":{"df":2,"docs":{"operaciones_ejemplares":{"tf":1},"informe_ejemplares_filtrado":{"tf":1.4142135}}}},"l":{"df":0,"s":{"a":{"df":0,"docs":{},"n":{"df":0,"s":{"df":0,"docs":{},"d":{"df":1,"docs":{"info_numeros":{"tf":1}}}},"docs":{}}},"df":7,"docs":{"altamodificacion_numeros":{"tf":1},"colecciones":{"tf":1},"informacion_coleccion":{"tf":1.7320508},"info_numeros":{"tf":1.7320508},"numeros":{"tf":1},"ejemplares":{"tf":1},"configuracion":{"tf":1.4142135}}},"docs":{}}},"e":{"df":0,"r":{"df":1,"s":{"df":0,"docs":{},"o":{"df":0,"docs":{},"n":{"a":{"df":0,"docs":{},"l":{"df":0,"docs":{},"i":{"df":0,"docs":{},"z":{"a":{"df":0,"docs":{},"d":{"df":0,"docs":{},"o":{"df":0,"docs":{},",":{"df":1,"docs":{"informe_colecciones_por_nombre":{"tf":1}}}}}},"df":2,"docs":{"informe_ejemplares_filtrado":{"tf":1},"informe_numeros_por_nombre":{"tf":1}}}}}},"df":0,"docs":{}}}},"docs":{"altamodificacion_numeros":{"tf":1}},"t":{"df":0,"docs":{},"e":{"df":0,"docs":{},"n":{"df":0,"docs":{},"e":{"df":0,"c":{"df":0,"docs":{},"i":{"df":0,"docs":{},"e":{"df":0,"docs":{},"n":{"df":0,"docs":{},"t":{"df":1,"docs":{"informacion_coleccion":{"tf":1}}}}}}},"docs":{}}}}},"d":{"df":1,"docs":{"configuracion":{"tf":1}}},"m":{"df":0,"docs":{},"i":{"df":0,"docs":{},"t":{"df":1,"docs":{"configuracion":{"tf":1}},"i":{"df":0,"r":{"df":0,"ã":{"¡":{"df":5,"docs":{"informe_numeros":{"tf":1},"info_numeros":{"tf":1},"informe_ejemplares":{"tf":1},"informe_ejemplares_filtrado":{"tf":1},"informe_numeros_por_nombre":{"tf":1}}},"df":0,"docs":{}},"docs":{}},"docs":{}}}}}},"s":{"df":0,"docs":{},"t":{"a":{"df":0,"ã":{"±":{"df":3,"docs":{"informacion_coleccion":{"tf":1},"info_numeros":{"tf":1},"configuracion":{"tf":1}}},"df":0,"docs":{}},"docs":{}},"df":0,"docs":{}}},"docs":{}},"i":{"df":0,"docs":{},"n":{"df":0,"c":{"df":0,"docs":{},"h":{"df":1,"docs":{"configuracion":{"tf":1}}}},"docs":{}}},"o":{"df":0,"r":{"df":9,"docs":{"altamodificacion_numeros":{"tf":1},"informacion_coleccion":{"tf":1.4142135},"info_numeros":{"tf":1},"numeros":{"tf":2},"informe_colecciones_por_nombre":{"tf":1},"informe_ejemplares_filtrado":{"tf":2.236068},"informe_numeros_por_nombre":{"tf":2},"informes":{"tf":1.4142135},"pagina_principal":{"tf":1}}},"docs":{},"d":{"df":3,"r":{"df":13,"ã":{"¡":{"df":1,"docs":{"informacion_coleccion":{"tf":1}}},"df":0,"docs":{}},"docs":{"altamodificacion_numeros":{"tf":1.4142135},"colecciones":{"tf":1},"info_numeros":{"tf":2},"ejemplares":{"tf":1.7320508},"operaciones_ejemplares":{"tf":1},"informe_ejemplares_filtrado":{"tf":1},"informe_numeros_por_nombre":{"tf":1},"configuracion":{"tf":1.4142135},"informacion_coleccion":{"tf":2.4494898},"numeros":{"tf":1},"informe_colecciones_por_nombre":{"tf":1},"informes":{"tf":1},"pagina_principal":{"tf":1}}},"docs":{"informe_colecciones_por_nombre":{"tf":1.4142135},"informe_ejemplares_filtrado":{"tf":1},"informes":{"tf":1}},"e":{"df":0,"docs":{},"m":{"df":0,"docs":{},"o":{"df":0,"s":{"df":0,"docs":{},":":{"df":1,"docs":{"info_numeros":{"tf":1}}}},"docs":{}}}}},"n":{"df":1,"docs":{"configuracion":{"tf":1}}}}},"q":{"df":0,"docs":{},"u":{"df":0,"docs":{},"e":{"df":16,"r":{"df":6,"docs":{"altamodificacion_numeros":{"tf":1},"colecciones":{"tf":1},"numeros":{"tf":1},"ejemplares":{"tf":1},"configuracion":{"tf":1},"informes":{"tf":1}},"e":{"df":0,"docs":{},"m":{"df":0,"docs":{},"o":{"df":0,"s":{"df":0,"docs":{},",":{"df":1,"docs":{"numeros":{"tf":1}}}},"docs":{}}}}},"docs":{"altamodificacion_numeros":{"tf":2.236068},"colecciones":{"tf":2},"informe_numeros":{"tf":1},"info_numeros":{"tf":1.7320508},"ejemplares":{"tf":1},"operaciones_ejemplares":{"tf":1.7320508},"informe_ejemplares":{"tf":1},"informe_ejemplares_filtrado":{"tf":2.236068},"informe_numeros_por_nombre":{"tf":1.4142135},"configuracion":{"tf":2.4494898},"informacion_coleccion":{"tf":2.4494898},"numeros":{"tf":2},"informe_colecciones_por_nombre":{"tf":1.7320508},"informe_colecciones":{"tf":1},"informes":{"tf":1.7320508},"pagina_principal":{"tf":1.4142135}}}}},"1":{"0":{"df":1,"docs":{"altamodificacion_numeros":{"tf":1.4142135}}},"df":0,"3":{"df":1,"docs":{"altamodificacion_numeros":{"tf":1}}},"docs":{}},"r":{"a":{"df":0,"docs":{},"n":{"df":0,"docs":{},"g":{"df":1,"docs":{"informe_ejemplares_filtrado":{"tf":1}}}}},"df":0,"docs":{},"e":{"a":{"df":0,"docs":{},"l":{"df":0,"docs":{},"i":{"df":0,"docs":{},"z":{"df":6,"docs":{"colecciones":{"tf":1},"informacion_coleccion":{"tf":1},"numeros":{"tf":1.7320508},"informe_colecciones_por_nombre":{"tf":1},"informe_ejemplares_filtrado":{"tf":1},"pagina_principal":{"tf":1}}}},"m":{"df":0,"docs":{},"e":{"df":0,"docs":{},"n":{"df":0,"docs":{},"t":{"df":1,"docs":{"info_numeros":{"tf":1}}}}}}}},"df":0,"s":{"df":0,"docs":{},"t":{"a":{"df":0,"b":{"df":0,"docs":{},"l":{"df":0,"docs":{},"e":{"df":0,"c":{"df":2,"docs":{"colecciones":{"tf":1},"numeros":{"tf":1}},"e":{"df":0,"r":{"df":0,"ã":{"¡":{"df":1,"docs":{"altamodificacion_numeros":{"tf":1}}},"df":0,"docs":{}},"docs":{}},"docs":{}}},"docs":{}}}},"docs":{}},"df":1,"r":{"df":0,"docs":{},"i":{"df":0,"c":{"df":0,"c":{"df":0,"docs":{},"i":{"df":0,"docs":{},"o":{"df":0,"docs":{},"n":{"df":1,"docs":{"altamodificacion_numeros":{"tf":1.4142135}}}}}},"docs":{}},"docs":{}}},"docs":{"altamodificacion_numeros":{"tf":1}}}},"c":{"df":0,"docs":{},"o":{"df":0,"docs":{},"n":{"df":0,"docs":{},"e":{"df":0,"c":{"df":0,"docs":{},"t":{"df":1,"docs":{"configuracion":{"tf":1}}}},"docs":{}}}}},"docs":{},"g":{"df":0,"docs":{},"i":{"df":0,"s":{"df":0,"docs":{},"t":{"df":0,"r":{"a":{"df":0,"r":{"df":0,"ã":{"¡":{"df":1,"docs":{"informacion_coleccion":{"tf":1}}},"df":0,"docs":{}},"docs":{}},"docs":{}},"df":1,"docs":{"informe_ejemplares_filtrado":{"tf":1.4142135}}},"docs":{}}},"docs":{}}},"n":{"df":0,"docs":{},"d":{"df":0,"docs":{},"e":{"df":0,"r":{"df":0,"docs":{},"i":{"df":0,"docs":{},"z":{"df":1,"docs":{"informe_colecciones_por_nombre":{"tf":1}}}}},"docs":{}}}}}},"s":{"a":{"df":0,"c":{"a":{"df":0,"r":{"df":0,"ã":{"¡":{"df":1,"docs":{"informe_colecciones":{"tf":1}}},"df":0,"docs":{}},"docs":{}},"docs":{}},"df":1,"docs":{"informe_ejemplares_filtrado":{"tf":1}}},"docs":{},"l":{"df":0,"docs":{},"t":{"a":{"df":0,"r":{"df":0,"ã":{"¡":{"df":1,"docs":{"altamodificacion_coleccion":{"tf":1}}},"df":0,"docs":{}},"docs":{}},"docs":{}},"df":0,"docs":{}},"d":{"df":0,"r":{"df":0,"ã":{"¡":{"df":6,"docs":{"info_numeros":{"tf":1},"operaciones_ejemplares":{"tf":1},"informe_colecciones_por_nombre":{"tf":1},"informe_ejemplares_filtrado":{"tf":1},"informe_numeros_por_nombre":{"tf":1},"configuracion":{"tf":1}}},"df":0,"docs":{}},"docs":{}},"docs":{}}}},"df":0,"docs":{},"e":{"a":{"df":0,"docs":{},"n":{"df":1,"docs":{"informe_ejemplares_filtrado":{"tf":1}}}},"df":7,"r":{"df":4,"ã":{"¡":{"df":7,"docs":{"altamodificacion_numeros":{"tf":2.4494898},"menu_principal":{"tf":1},"operaciones_ejemplares":{"tf":1.7320508},"informe_colecciones_por_nombre":{"tf":1.4142135},"informe_colecciones":{"tf":1},"informe_ejemplares_filtrado":{"tf":1},"pagina_principal":{"tf":1}},"n":{"df":1,"docs":{"operaciones_ejemplares":{"tf":1}}}},"df":0,"docs":{}},"docs":{"informacion_coleccion":{"tf":1.4142135},"operaciones_ejemplares":{"tf":1},"informe_ejemplares_filtrado":{"tf":1.4142135},"altamodificacion_coleccion":{"tf":1}},"v":{"df":0,"docs":{},"i":{"df":0,"docs":{},"d":{"df":0,"docs":{},"o":{"df":0,"r":{"df":1,"docs":{"configuracion":{"tf":2.6457512}}},"docs":{}}}}}},"c":{"df":0,"c":{"df":0,"docs":{},"i":{"df":0,"ã":{"df":0,"³":{"df":0,"docs":{},"n":{"df":1,"docs":{"info_numeros":{"tf":1}}}},"docs":{}},"docs":{}}},"docs":{}},"docs":{"altamodificacion_numeros":{"tf":1.4142135},"informacion_coleccion":{"tf":1.4142135},"operaciones_ejemplares":{"tf":1},"informe_ejemplares_filtrado":{"tf":1},"altamodificacion_coleccion":{"tf":1},"configuracion":{"tf":1.4142135},"pagina_principal":{"tf":1}}},"u":{"p":{"df":0,"docs":{},"e":{"df":0,"r":{"df":1,"docs":{"altamodificacion_coleccion":{"tf":1}},"i":{"df":0,"docs":{},"o":{"df":0,"r":{"df":6,"docs":{"colecciones":{"tf":1},"informacion_coleccion":{"tf":1},"info_numeros":{"tf":1},"operaciones_ejemplares":{"tf":1},"informe_ejemplares_filtrado":{"tf":1},"configuracion":{"tf":1}},".":{"p":{"df":1,"docs":{"informacion_coleccion":{"tf":1}}},"df":1,"docs":{"info_numeros":{"tf":1}}}},"docs":{}}}},"docs":{}}},"df":0,"docs":{}},"i":{"df":4,"s":{"df":0,"docs":{},"t":{"df":0,"docs":{},"e":{"df":0,"docs":{},"m":{"df":1,"docs":{"informe_ejemplares_filtrado":{"tf":1}}}}}},"docs":{"informacion_coleccion":{"tf":1},"info_numeros":{"tf":1},"informe_ejemplares_filtrado":{"tf":1},"configuracion":{"tf":1}},"t":{"df":0,"docs":{},"u":{"df":1,"docs":{"menu_principal":{"tf":1}}}},"g":{"df":0,"docs":{},"u":{"df":0,"docs":{},"i":{"df":0,"docs":{},"e":{"df":0,"docs":{},"n":{"df":0,"docs":{},"t":{"df":8,"docs":{"altamodificacion_numeros":{"tf":1},"informacion_coleccion":{"tf":1.4142135},"menu_principal":{"tf":1},"informe_colecciones_por_nombre":{"tf":1},"informe_ejemplares_filtrado":{"tf":1},"informe_numeros_por_nombre":{"tf":1},"configuracion":{"tf":1},"informes":{"tf":1.4142135}},"e":{"df":0,"s":{"df":0,"docs":{},":":{"df":1,"docs":{"altamodificacion_numeros":{"tf":1}}}},"docs":{},":":{"df":8,"docs":{"informe_numeros":{"tf":1},"info_numeros":{"tf":1},"informe_colecciones_por_nombre":{"tf":1},"informe_ejemplares":{"tf":1},"informe_colecciones":{"tf":1},"informe_ejemplares_filtrado":{"tf":1.4142135},"informe_numeros_por_nombre":{"tf":1.4142135},"pagina_principal":{"tf":1}}},",":{"df":1,"docs":{"menu_principal":{"tf":1}}}}}}}}}},"m":{"p":{"df":0,"docs":{},"l":{"df":0,"docs":{},"e":{"df":0,"docs":{},"m":{"df":0,"docs":{},"e":{"df":0,"docs":{},"n":{"df":0,"docs":{},"t":{"df":8,"docs":{"altamodificacion_numeros":{"tf":1},"colecciones":{"tf":1.4142135},"informacion_coleccion":{"tf":2},"info_numeros":{"tf":1.4142135},"numeros":{"tf":1.4142135},"configuracion":{"tf":1.4142135},"informes":{"tf":1},"pagina_principal":{"tf":1}}}}}}}}},"df":0,"docs":{}},"n":{"df":1,"docs":{"altamodificacion_numeros":{"tf":1}}}},"o":{"df":0,"b":{"df":0,"r":{"df":4,"docs":{"altamodificacion_numeros":{"tf":1},"informacion_coleccion":{"tf":1},"info_numeros":{"tf":2},"ejemplares":{"tf":1.4142135}}},"docs":{}},"docs":{},"l":{"df":3,"docs":{"informacion_coleccion":{"tf":1},"informe_ejemplares_filtrado":{"tf":1},"informe_numeros_por_nombre":{"tf":1}}},"n":{"df":1,"docs":{"altamodificacion_numeros":{"tf":1}}}}},"3":{"0":{"0":{"df":1,"docs":{"altamodificacion_numeros":{"tf":1}}},"df":0,"docs":{}},"df":0,"docs":{}},"t":{"a":{"p":{"df":1,"docs":{"altamodificacion_numeros":{"tf":1}}},"df":0,"docs":{},"m":{"df":0,"b":{"df":0,"docs":{},"i":{"df":0,"ã":{"df":0,"docs":{},"©":{"df":0,"docs":{},"n":{"df":3,"docs":{"info_numeros":{"tf":1},"ejemplares":{"tf":1},"operaciones_ejemplares":{"tf":1}}}}},"docs":{},"e":{"df":0,"docs":{},"n":{"df":1,"docs":{"informacion_coleccion":{"tf":1}}}}}},"docs":{}}},"df":0,"r":{"a":{"df":0,"s":{"df":2,"docs":{"informacion_coleccion":{"tf":1},"info_numeros":{"tf":1}}},"docs":{}},"df":0,"docs":{}},"ã":{"df":0,"docs":{},"­":{"df":0,"docs":{},"t":{"df":0,"docs":{},"u":{"df":0,"docs":{},"l":{"df":2,"docs":{"colecciones":{"tf":1},"informacion_coleccion":{"tf":1}}}}}}},"docs":{},"e":{"df":0,"c":{"df":0,"docs":{},"l":{"df":2,"docs":{"colecciones":{"tf":1},"numeros":{"tf":1}}}},"docs":{},"n":{"df":4,"docs":{"colecciones":{"tf":1},"numeros":{"tf":1},"operaciones_ejemplares":{"tf":1},"informe_ejemplares_filtrado":{"tf":1}},"d":{"df":0,"r":{"df":7,"ã":{"¡":{"df":1,"docs":{"altamodificacion_numeros":{"tf":1}}},"df":0,"docs":{}},"docs":{"altamodificacion_numeros":{"tf":1.4142135},"colecciones":{"tf":1.4142135},"informacion_coleccion":{"tf":1.4142135},"info_numeros":{"tf":1.4142135},"numeros":{"tf":1.4142135},"configuracion":{"tf":1.4142135},"informes":{"tf":1}}},"docs":{}},"g":{"df":1,"docs":{"info_numeros":{"tf":1}}}}},"i":{"p":{"df":2,"docs":{"altamodificacion_numeros":{"tf":2},"numeros":{"tf":1}}},"df":0,"docs":{}},"o":{"df":0,"docs":{},"t":{"a":{"df":0,"docs":{},"l":{"df":1,"docs":{"configuracion":{"tf":1}}}},"df":0,"docs":{}},"d":{"df":6,"docs":{"informe_numeros":{"tf":1},"info_numeros":{"tf":1},"ejemplares":{"tf":1},"informe_ejemplares":{"tf":1},"informe_ejemplares_filtrado":{"tf":1},"informes":{"tf":1}}}}},"4":{"df":2,"docs":{"colecciones":{"tf":1},"numeros":{"tf":1}}},"u":{"df":0,"s":{"a":{"df":0,"r":{"df":0,"ã":{"¡":{"df":1,"docs":{"configuracion":{"tf":1}}},"df":0,"docs":{}},"docs":{}},"docs":{}},"df":0,"docs":{}},"docs":{},"t":{"df":0,"docs":{},"i":{"df":0,"docs":{},"l":{"df":0,"docs":{},"i":{"df":0,"docs":{},"z":{"a":{"df":0,"r":{"df":0,"ã":{"¡":{"df":1,"docs":{"altamodificacion_coleccion":{"tf":1}}},"df":0,"docs":{}},"docs":{}},"docs":{}},"df":0,"docs":{}}}}}},"n":{"a":{"df":7,"docs":{"altamodificacion_numeros":{"tf":1},"colecciones":{"tf":2},"informacion_coleccion":{"tf":1.4142135},"numeros":{"tf":1.4142135},"informe_colecciones_por_nombre":{"tf":1},"altamodificacion_coleccion":{"tf":1},"configuracion":{"tf":1.4142135}}},"df":15,"docs":{"altamodificacion_numeros":{"tf":2},"informe_numeros":{"tf":1},"info_numeros":{"tf":1.7320508},"ejemplares":{"tf":1},"operaciones_ejemplares":{"tf":1.4142135},"informe_ejemplares":{"tf":1},"informe_ejemplares_filtrado":{"tf":1.7320508},"informe_numeros_por_nombre":{"tf":1.4142135},"configuracion":{"tf":1},"informacion_coleccion":{"tf":1.7320508},"numeros":{"tf":1.4142135},"informe_colecciones_por_nombre":{"tf":1},"informe_colecciones":{"tf":1},"altamodificacion_coleccion":{"tf":1},"informes":{"tf":1}},"o":{"df":1,"docs":{"operaciones_ejemplares":{"tf":1}}}}},"5":{"0":{"0":{"df":1,"docs":{"altamodificacion_coleccion":{"tf":1}}},"df":0,"docs":{}},"df":0,"docs":{}},"v":{"a":{"df":0,"c":{"df":0,"docs":{},"i":{"df":1,"docs":{"informe_ejemplares_filtrado":{"tf":1}}}},"docs":{}},"df":0,"ã":{"¡":{"df":0,"docs":{},"l":{"df":0,"docs":{},"i":{"df":0,"docs":{},"d":{"df":1,"docs":{"informe_ejemplares_filtrado":{"tf":1}}}}}},"df":0,"docs":{}},"docs":{},"e":{"df":0,"r":{"df":10,"docs":{"colecciones":{"tf":1.4142135},"informacion_coleccion":{"tf":2.236068},"informe_numeros":{"tf":1},"info_numeros":{"tf":1.4142135},"numeros":{"tf":1.4142135},"ejemplares":{"tf":1},"informe_ejemplares":{"tf":1},"informe_ejemplares_filtrado":{"tf":1},"informe_numeros_por_nombre":{"tf":1},"informes":{"tf":1}}},"docs":{},"n":{"df":0,"docs":{},"t":{"a":{"df":0,"docs":{},"n":{"a":{"df":0,"docs":{},",":{"df":4,"docs":{"info_numeros":{"tf":1},"informe_colecciones_por_nombre":{"tf":1},"informe_ejemplares_filtrado":{"tf":1},"informe_numeros_por_nombre":{"tf":1}}}},"df":7,"docs":{"altamodificacion_numeros":{"tf":1.7320508},"informacion_coleccion":{"tf":1},"info_numeros":{"tf":2},"ejemplares":{"tf":1.7320508},"operaciones_ejemplares":{"tf":1},"configuracion":{"tf":1},"informes":{"tf":1}}}},"df":0,"docs":{}}}},"i":{"df":0,"s":{"df":0,"docs":{},"u":{"a":{"df":0,"docs":{},"l":{"df":0,"docs":{},"i":{"df":0,"c":{"df":1,"docs":{"operaciones_ejemplares":{"tf":1}}},"docs":{},"z":{"df":4,"docs":{"info_numeros":{"tf":1},"ejemplares":{"tf":1},"operaciones_ejemplares":{"tf":1},"informes":{"tf":1}}}}}},"df":0,"docs":{}}},"docs":{}}},"y":{"a":{"df":2,"docs":{"configuracion":{"tf":1},"pagina_principal":{"tf":1}}},"df":9,"docs":{"altamodificacion_numeros":{"tf":1.4142135},"colecciones":{"tf":1},"informacion_coleccion":{"tf":2},"info_numeros":{"tf":1},"numeros":{"tf":1.4142135},"operaciones_ejemplares":{"tf":1},"informe_ejemplares_filtrado":{"tf":1},"altamodificacion_coleccion":{"tf":1.4142135},"configuracion":{"tf":1.7320508}}}}}},"fields":["body"],"version":"0.9.5","documentStore":{"docs":{},"save":false,"length":19,"docInfo":{"altamodificacion_numeros":{"body":173},"colecciones":{"body":89},"informe_numeros":{"body":24},"info_numeros":{"body":154},"ejemplares":{"body":52},"operaciones_ejemplares":{"body":79},"informe_ejemplares":{"body":24},"informe_ejemplares_filtrado":{"body":177},"informe_numeros_por_nombre":{"body":69},"configuracion":{"body":142},"informacion_coleccion":{"body":247},"numeros":{"body":106},"menu_principal":{"body":36},"_index_":{"body":6},"informe_colecciones_por_nombre":{"body":57},"informe_colecciones":{"body":21},"altamodificacion_coleccion":{"body":54},"informes":{"body":69},"pagina_principal":{"body":38}}}}