<?xml version="1.0" encoding="UTF-8"?>
<images>
    <!-- Imagen de Inicio-->
    <image id="imagen_principal" url="./help.png"/>
    <!-- Imagenes Configuracion-->
    <image id="engranaje" url="./menuPrincipal/img/engranajeConfig.png"/>
    <image id="lenguaje" url="./menuPrincipal/img/langConfig.png"/>
    <image id="servidor" url="./menuPrincipal/img/serverConfig.png"/>
    <!-- Imagenes del mennú principal-->
    <image id="menu_principal" url="./menuPrincipal/img/menuPrincipal.png"/>
    <image id="pg_inicio_logo" url="./menuPrincipal/img/pgPrincipalLogo.png"/>
    <!-- Imagenes de Listado de colecciones-->
    <image id="lista_colec" url="./menuPrincipal/Colecciones/img/listaColec.png"/>
    <image id="busca_colec" url="./menuPrincipal/Colecciones/img/buscarColec.png"/>
    <!-- Imagenes de Info Colecciones-->
    <image id="info_colec" url="./menuPrincipal/Colecciones/img/infoColec.png"/>
    <image id="pestana_num" url="./menuPrincipal/Colecciones/img/pestanaNum.png"/>
    <image id="eliminar_colec" url="./menuPrincipal/Colecciones/img/eliminar_colec.png"/>
    <image id="num_list" url="./menuPrincipal/Colecciones/img/numList.png"/>
    <!-- Imagenes de Alta/Mod Colección-->
    <image id="alta_mod_colec" url="./menuPrincipal/Colecciones/img/altaModColec.png"/>
    <!--Imagenes de Info Numeros-->
    <image id="info_num" url="./menuPrincipal/Numeros/img/infoNumeros.png"/>
    <image id="eliminar_num" url="./menuPrincipal/Numeros/img/eliminarNum.png"/>
    <image id="pestana_ejemplares" url="./menuPrincipal/Numeros/img/verEjemplares.png"/>
    <!-- Imagenes Lista Números-->
    <image id="lista_num" url="./menuPrincipal/Numeros/img/listaNum.png"/>
    <image id="busca_num" url="./menuPrincipal/Numeros/img/buscaNum.png"/>
    <!-- Imagenes Alta/MOD Números-->
    <image id="alta_num" url="./menuPrincipal/Numeros/img/altaNumero.png"/>
    <image id="elm_img_num" url="./menuPrincipal/Numeros/img/eliminarImgNumero.png"/>
    <image id="mod_num" url="./menuPrincipal/Numeros/img/modNumero.png"/>
    <!-- Imagenes Ejemplares-->
    <image id="lista_ejemp" url="./menuPrincipal/Numeros/img/listaEjemplares.png"/>
    <image id="alta_ejemp" url="./menuPrincipal/Numeros/img/altaModEjemplares.png"/>
    <!-- Imagenes Informes-->
    <image id="lista_informes" url="./menuPrincipal/Informes/img/listadoInformes.png"/>
    <image id="inf_col" url="./menuPrincipal/Informes/img/informeCol.png"/>
    <image id="inf_col_nombre_filtra" url="./menuPrincipal/Informes/img/informeColFiltra.png"/>
    <image id="inf_col_nombre" url="./menuPrincipal/Informes/img/informeColNombre.png"/>
    <image id="inf_numero" url="./menuPrincipal/Informes/img/informeNumero.png"/>
    <image id="inf_numero_nom_filtrado" url="./menuPrincipal/Informes/img/informeNumeroNombreFiltrado.png"/>
    <image id="inf_numero_nom" url="./menuPrincipal/Informes/img/informeNumeroNombre.png"/>
    <image id="inf_ejemplar" url="./menuPrincipal/Informes/img/informeEjemplares.png"/>
    <image id="inf_ejemplar_nom_filtrado" url="./menuPrincipal/Informes/img/InformeEjemplarNombreFiltrado.png"/>
    <image id="inf_ejemplar_nom" url="./menuPrincipal/Informes/img/InformeEjemplarNombre.png"/>
</images>