<?xml version="1.0" encoding="UTF-8"?>
<article desc="Menu Principal"> 
   En el menú principal de la aplicación será el siguiente, el cual está situado en la parte izquierda de la aplicación:<br/>
   <img id="menu_principal" width="5%"/><br />
   En este nos encontraremos las siguientes opciones:
   
   <ul>
      <li>
         <ref id="Pagina Principal" desc="Página Principal"/>
      </li>
      <li>
         <ref id="Colecciones" desc="Listado de colecciones"/>
      </li>
      <li>
         Números
      </li>
      <li>
         Informes
      </li>
      <li>
         Ajustes
      </li>
   </ul>
   
</article>