<?xml version="1.0" encoding="UTF-8"?>
<database>
  <article name="alta/modificacion numeros" url="articles/article_alta_mod_numeros.html" >
    <title name="Alta NÃºmero" id="alta_nmero"/>
    <title name="Modificacion Numero" id="modificacion_numero"/>
  </article>
  <article name="paxina principal" url="articles/article_pagina_principal.html" >
  </article>
  <article name="informe coleccions" url="articles/article_informe_col.html" >
  </article>
  <article name="informe numeros" url="articles/article_informe_numeros.html" >
  </article>
  <article name="info numeros" url="articles/article_info_numero.html" >
    <title name="Eliminar o numero" id="eliminar_o_numero"/>
    <title name="Ver os exemplares do numero" id="ver_os_exemplares_do_numero"/>
  </article>
  <article name="informe exemplares filtrado" url="articles/article_informe_ejemplares_filtrado.html" >
  </article>
  <article name="coleccions" url="articles/article_colecciones.html" >
    <title name="Busqueda de coleccions" id="busqueda_de_coleccions"/>
  </article>
  <article name="configuracion" url="articles/article_configuracion.html" >
    <title name="Configuracion do idioma" id="configuracion_do_idioma"/>
    <title name="Configuracion do servidor" id="configuracion_do_servidor"/>
  </article>
  <article name="informacion coleccion" url="articles/article_info_coleccion.html" >
    <title name="Eliminar a coleccion" id="eliminar_a_coleccion"/>
    <title name="Ver a informacion da coleccion" id="ver_a_informacion_da_coleccion"/>
    <title name="Ver o listado de numeros da coleccion" id="ver_o_listado_de_numeros_da_coleccion"/>
  </article>
  <article name="numeros" url="articles/article_numeros.html" >
    <title name="Busqueda de numeros" id="busqueda_de_numeros"/>
  </article>
  <article name="menu principal" url="articles/article_menu_principal.html" >
  </article>
  <article name="informe exemplares" url="articles/article_informe_ejemplares.html" >
  </article>
  <article name="operacions exemplares" url="articles/article_alta_mod_ejemplares.html" >
  </article>
  <article name="alta/modificacion coleccion" url="articles/article_alta_mod_coleccion.html" >
  </article>
  <article name="exemplares" url="articles/article_crud_ejemplares.html" >
  </article>
  <article name="informe coleccions por nome" url="articles/article_informe_col_name.html" >
  </article>
  <article name="informe numeros por nome" url="articles/article_informe_numeros_nombre.html" >
  </article>
  <article name="informes" url="articles/article_informes.html" >
  </article>
  <chapters>
    <chapter name="Configuracion" >
      <articleID id="configuracion" />
    </chapter>
    <chapter name="Menu Principal" >
      <articleID id="menu principal" />
      <articleID id="paxina principal" />
    </chapter>
    <chapter name="Coleccions" >
      <articleID id="coleccions" />
      <articleID id="informacion coleccion" />
      <articleID id="alta/modificacion coleccion" />
    </chapter>
    <chapter name="Numeros" >
      <articleID id="numeros" />
      <articleID id="info numeros" />
      <articleID id="alta/modificacion numeros" />
      <articleID id="exemplares" />
      <articleID id="operacions exemplares" />
    </chapter>
    <chapter name="Informes" >
      <articleID id="informes" />
      <articleID id="informe coleccions" />
      <articleID id="informe coleccions por nome" />
      <articleID id="informe numeros" />
      <articleID id="informe numeros por nome" />
      <articleID id="informe exemplares" />
      <articleID id="informe exemplares filtrado" />
    </chapter>
  </chapters>
</database>
